status,error,run_name,run_id,run_folder,run_dir,trace_dir,trace_path,timesteps,batch_size,epochs,profile_batches,use_amp,grad_accum_steps,amp_sampling,planned_steps,required_steps,wall_time_s,peak_alloc_gb_runtime,peak_reserved_gb_runtime,eval_no_f1_ms_keyavg,eval_with_f1_ms_keyavg,eval_sample_ms_keyavg,eval_contact_f1_ms_keyavg,prof_cpu_self_ms_keyavg,prof_cuda_self_ms_keyavg,train_forward_cpu_ms_keyavg,train_forward_cuda_ms_keyavg,train_backward_cpu_ms_keyavg,train_backward_cuda_ms_keyavg,eval_loss_forward_cpu_ms_keyavg,eval_loss_forward_cuda_ms_keyavg,eval_sample_cpu_ms_keyavg,eval_sample_cuda_ms_keyavg,trace_found,trace_size_mb,trace_events,trace_device,oom_events,max_alloc_gb_trace,max_reserved_gb_trace,cpu_op_ms_trace,gpu_kernel_ms_trace,gpu_runtime_ms_trace,gpu_memcpy_ms_trace,gpu_memset_ms_trace,gpu_total_ms_trace,cpu_gpu_ratio_trace,train_batch_count,eval_batch_count,eval_sample_count,train_batch_ms,train_forward_ms,train_backward_ms,train_step_ms,eval_loss_forward_ms,eval_sample_ms,eval_contact_f1_ms,eval_no_f1_ms,eval_with_f1_ms,f1_overhead_pct_from_trace,train_forward_alloc_avg_mb_gpu,train_forward_alloc_peak_mb_gpu,train_forward_alloc_delta_avg_mb_gpu,train_forward_alloc_delta_peak_mb_gpu,train_forward_alloc_traffic_mb_gpu,train_forward_free_traffic_mb_gpu,train_forward_alloc_avg_mb_cpu,train_forward_alloc_peak_mb_cpu,train_forward_alloc_delta_avg_mb_cpu,train_forward_alloc_delta_peak_mb_cpu,train_forward_alloc_traffic_mb_cpu,train_forward_free_traffic_mb_cpu,train_backward_alloc_avg_mb_gpu,train_backward_alloc_peak_mb_gpu,train_backward_alloc_delta_avg_mb_gpu,train_backward_alloc_delta_peak_mb_gpu,train_backward_alloc_traffic_mb_gpu,train_backward_free_traffic_mb_gpu,train_backward_alloc_avg_mb_cpu,train_backward_alloc_peak_mb_cpu,train_backward_alloc_delta_avg_mb_cpu,train_backward_alloc_delta_peak_mb_cpu,train_backward_alloc_traffic_mb_cpu,train_backward_free_traffic_mb_cpu,train_step_alloc_avg_mb_gpu,train_step_alloc_peak_mb_gpu,train_step_alloc_delta_avg_mb_gpu,train_step_alloc_delta_peak_mb_gpu,train_step_alloc_traffic_mb_gpu,train_step_free_traffic_mb_gpu,train_step_alloc_avg_mb_cpu,train_step_alloc_peak_mb_cpu,train_step_alloc_delta_avg_mb_cpu,train_step_alloc_delta_peak_mb_cpu,train_step_alloc_traffic_mb_cpu,train_step_free_traffic_mb_cpu
ok,,batch_ga_sweep_sim90_bs1_ga1_pb4_10ts_fp32,batch_ga_sweep_sim90_bs1_ga1_pb4_10ts_fp32,batch_ga_sweep_sim90_bs1_ga1_pb4_10ts_fp32,/home/gkulemeyer/Documents/Repos/RNADiffusion/profiler/logs/diffusion_profiler_light_batch/batch_ga_sweep_sim90_bs1_ga1_pb4_10ts_fp32,/home/gkulemeyer/Documents/Repos/RNADiffusion/profiler/logs/diffusion_profiler_light_batch/batch_ga_sweep_sim90_bs1_ga1_pb4_10ts_fp32/profiler_traces,/home/gkulemeyer/Documents/Repos/RNADiffusion/profiler/logs/diffusion_profiler_light_batch/batch_ga_sweep_sim90_bs1_ga1_pb4_10ts_fp32/profiler_traces/pc59_4122452.1772583013694221084.pt.trace.json,10,1,1,4,False,1,False,12,13,36.77650856971741,1.0793766975402832,1.333984375,517.327,665.564,289.981,22.371,3095.726,526.092,391.549,52.644,512.964,0.003,752.571,93.893,289.981,46.699,True,126.94334983825684,500299.0,NVIDIA RTX A5000,0.0,1.0471901893615723,1.333984375,4554.415,252.432,400.621,1.236,0.606,654.895,6.954420174226403,3.0,8.0,4.0,304.657,130.517,170.989,2.5133333333333336,94.072,72.49625,5.59325,102.84275,163.819,59.29076186702515,365.70954814890615,799.3624674479166,316.77221090932284,750.4251302083334,4490.392903645833,3854.9534505208335,3.8272870255775575e-06,7.62939453125e-06,2.5515246837183715e-06,5.086263020833333e-06,0.00115966796875,0.00115203857421875,385.1181474494029,819.5240885416666,0.24752494316954451,135.14729817708334,11105.35986328125,11729.752766927084,3.721655868902439e-06,7.62939453125e-06,0.0,0.0,0.000152587890625,0.00016021728515625,65.39916793699187,70.62679036458333,5.41528121824187,10.642903645833334,10.642903645833334,10.642903645833334,6.67572021484375e-06,1.1444091796875e-05,6.67572021484375e-06,1.1444091796875e-05,0.00093841552734375,0.00093841552734375
ok,,batch_ga_sweep_sim90_bs1_ga2_pb4_10ts_fp32,batch_ga_sweep_sim90_bs1_ga2_pb4_10ts_fp32,batch_ga_sweep_sim90_bs1_ga2_pb4_10ts_fp32,/home/gkulemeyer/Documents/Repos/RNADiffusion/profiler/logs/diffusion_profiler_light_batch/batch_ga_sweep_sim90_bs1_ga2_pb4_10ts_fp32,/home/gkulemeyer/Documents/Repos/RNADiffusion/profiler/logs/diffusion_profiler_light_batch/batch_ga_sweep_sim90_bs1_ga2_pb4_10ts_fp32/profiler_traces,/home/gkulemeyer/Documents/Repos/RNADiffusion/profiler/logs/diffusion_profiler_light_batch/batch_ga_sweep_sim90_bs1_ga2_pb4_10ts_fp32/profiler_traces/pc59_4122452.1772583074168792979.pt.trace.json,10,1,1,4,False,2,False,12,13,25.32716989517212,1.0472683906555176,1.384765625,396.111,582.287,254.393,32.172,2360.256,500.684,315.15,36.58,369.62,0.003,578.391,94.549,254.393,47.031,True,119.31190586090088,454844.0,NVIDIA RTX A5000,0.0,1.0472683906555176,1.384765625,3274.168,248.617,269.479,1.208,0.517,519.821,6.298645110528432,3.0,8.0,4.0,233.342,105.05033333333333,123.20766666666667,6.959,72.29925,63.59875,8.0435,74.26975,142.432,91.77659814392804,334.4036443246481,702.6818033854166,285.0379216683981,653.3160807291666,3532.5045572916665,2960.2858072916665,0.0002123640708797442,0.00021616617838541666,2.5515246837183715e-06,5.086263020833333e-06,0.00115966796875,0.00115203857421875,351.3461967273468,756.0325520833334,0.2544908858912585,134.44807942708334,10516.22607421875,11084.72705078125,0.00021225843972306907,0.00021616617838541666,0.0,0.0,0.000152587890625,0.00016021728515625,61.22241657536204,70.1923828125,11.805424387862043,20.775390625,20.775390625,10.3876953125,0.00030336380004882815,0.000324249267578125,0.00014696121215820312,0.0001678466796875,0.001094818115234375,0.00093841552734375
ok,,batch_ga_sweep_sim90_bs1_ga8_pb4_10ts_fp32,batch_ga_sweep_sim90_bs1_ga8_pb4_10ts_fp32,batch_ga_sweep_sim90_bs1_ga8_pb4_10ts_fp32,/home/gkulemeyer/Documents/Repos/RNADiffusion/profiler/logs/diffusion_profiler_light_batch/batch_ga_sweep_sim90_bs1_ga8_pb4_10ts_fp32,/home/gkulemeyer/Documents/Repos/RNADiffusion/profiler/logs/diffusion_profiler_light_batch/batch_ga_sweep_sim90_bs1_ga8_pb4_10ts_fp32/profiler_traces,/home/gkulemeyer/Documents/Repos/RNADiffusion/profiler/logs/diffusion_profiler_light_batch/batch_ga_sweep_sim90_bs1_ga8_pb4_10ts_fp32/profiler_traces/pc59_4122452.1772583133631433594.pt.trace.json,10,1,1,4,False,8,False,12,13,26.53739905357361,1.0378732681274414,1.384765625,408.349,579.545,264.247,21.998,2689.099,493.068,425.477,36.9,475.105,0.003,579.955,94.359,264.247,46.969,True,121.37913799285889,467289.0,NVIDIA RTX A5000,0.0,1.0378732681274414,1.384765625,4073.759,244.873,291.902,1.195,0.481,538.451,7.56570050013836,3.0,8.0,4.0,300.35966666666667,141.82666666666665,158.36866666666666,11.389,72.49475,66.06225,5.5,75.645,141.34475,86.85273316147796,325.93846513140795,743.18505859375,286.70425289182464,703.9508463541666,5625.531575520833,5051.537109375,0.0006294376385880775,0.00063323974609375,2.5515246837183715e-06,5.086263020833333e-06,0.00115966796875,0.00115203857421875,340.17104589912407,749.12744140625,0.5536556784007293,135.89876302083334,9632.36083984375,10206.355305989584,0.0006293320074314024,0.00063323974609375,0.0,0.0,0.000152587890625,0.00016021728515625,56.90359124904725,69.732421875,18.334255311547256,31.1630859375,31.1630859375,10.3876953125,0.0009128570556640625,0.000949859619140625,0.0002872467041015625,0.000324249267578125,0.001251220703125,0.00093841552734375
ok,,batch_ga_sweep_sim90_bs4_ga1_pb4_10ts_fp32,batch_ga_sweep_sim90_bs4_ga1_pb4_10ts_fp32,batch_ga_sweep_sim90_bs4_ga1_pb4_10ts_fp32,/home/gkulemeyer/Documents/Repos/RNADiffusion/profiler/logs/diffusion_profiler_light_batch/batch_ga_sweep_sim90_bs4_ga1_pb4_10ts_fp32,/home/gkulemeyer/Documents/Repos/RNADiffusion/profiler/logs/diffusion_profiler_light_batch/batch_ga_sweep_sim90_bs4_ga1_pb4_10ts_fp32/profiler_traces,/home/gkulemeyer/Documents/Repos/RNADiffusion/profiler/logs/diffusion_profiler_light_batch/batch_ga_sweep_sim90_bs4_ga1_pb4_10ts_fp32/profiler_traces/pc59_4122452.1772583192603064322.pt.trace.json,10,4,1,4,False,1,False,12,13,27.34931516647339,3.646644115447998,4.02734375,558.309,697.41,267.704,97.428,2891.209,1854.06,331.551,121.202,392.863,0.003,717.078,376.643,267.704,189.756,True,119.97722339630127,459821.0,NVIDIA RTX A5000,0.0,3.646644115447998,4.02734375,4053.043,925.603,294.211,5.16,0.79,1225.764,3.3065443266403647,3.0,8.0,4.0,245.755,110.51733333333333,130.955,3.803,89.635375,66.92675,24.35775,107.50175,163.534,52.12217475529468,1541.4014384006534,3185.3523763020835,1488.4732157444034,3132.4241536458335,8968.187337239584,5973.987141927083,0.0012550479901505777,0.00125885009765625,2.5515246837183715e-06,5.086263020833333e-06,0.00115966796875,0.00115203857421875,1591.6207786213338,3118.3238932291665,0.20794304971853794,71.19547526041667,12113.35595703125,15095.80126953125,0.0012549423589939025,0.00125885009765625,0.0,0.0,0.000152587890625,0.00016021728515625,70.01400533536587,75.16455078125,5.330899866615853,10.4814453125,10.4814453125,10.4814453125,0.0012578964233398438,0.001262664794921875,6.67572021484375e-06,1.1444091796875e-05,0.00093841552734375,0.00093841552734375
ok,,batch_ga_sweep_sim90_bs4_ga2_pb4_10ts_fp32,batch_ga_sweep_sim90_bs4_ga2_pb4_10ts_fp32,batch_ga_sweep_sim90_bs4_ga2_pb4_10ts_fp32,/home/gkulemeyer/Documents/Repos/RNADiffusion/profiler/logs/diffusion_profiler_light_batch/batch_ga_sweep_sim90_bs4_ga2_pb4_10ts_fp32,/home/gkulemeyer/Documents/Repos/RNADiffusion/profiler/logs/diffusion_profiler_light_batch/batch_ga_sweep_sim90_bs4_ga2_pb4_10ts_fp32/profiler_traces,/home/gkulemeyer/Documents/Repos/RNADiffusion/profiler/logs/diffusion_profiler_light_batch/batch_ga_sweep_sim90_bs4_ga2_pb4_10ts_fp32/profiler_traces/pc59_4122452.1772583253796830282.pt.trace.json,10,4,1,4,False,2,False,12,13,26.910385370254517,3.8784470558166504,4.279296875,456.789,698.107,281.729,77.009,2889.295,1981.412,468.585,146.371,430.699,0.003,625.135,375.697,281.729,189.591,True,118.97644233703613,453952.0,NVIDIA RTX A5000,0.0,3.8784470558166504,4.279296875,4177.189,987.215,289.148,5.428,0.716,1282.507,3.257049669124613,3.0,8.0,4.0,306.1806666666667,156.19566666666665,143.56633333333335,8.723,78.142375,70.43225,19.25325,81.5825,164.86425,102.08286090767015,1852.1268716761406,3812.09130859375,1798.8392740198906,3758.8037109375,10984.4140625,7365.96923828125,0.0017763899497859944,0.0017801920572916667,2.5515246837183715e-06,5.086263020833333e-06,0.00115966796875,0.00115203857421875,1895.9872643578472,3747.93408203125,0.24230570509129667,76.20166015625,14841.73876953125,18456.5732421875,0.0017762843186293193,0.0017801920572916667,0.0,0.0,0.000152587890625,0.00016021728515625,65.3598260646913,74.7451171875,12.124474502191312,21.509765625,21.509765625,11.1220703125,0.001867389678955078,0.001888275146484375,0.00014696121215820312,0.0001678466796875,0.001094818115234375,0.00093841552734375
ok,,batch_ga_sweep_sim90_bs4_ga8_pb4_10ts_fp32,batch_ga_sweep_sim90_bs4_ga8_pb4_10ts_fp32,batch_ga_sweep_sim90_bs4_ga8_pb4_10ts_fp32,/home/gkulemeyer/Documents/Repos/RNADiffusion/profiler/logs/diffusion_profiler_light_batch/batch_ga_sweep_sim90_bs4_ga8_pb4_10ts_fp32,/home/gkulemeyer/Documents/Repos/RNADiffusion/profiler/logs/diffusion_profiler_light_batch/batch_ga_sweep_sim90_bs4_ga8_pb4_10ts_fp32/profiler_traces,/home/gkulemeyer/Documents/Repos/RNADiffusion/profiler/logs/diffusion_profiler_light_batch/batch_ga_sweep_sim90_bs4_ga8_pb4_10ts_fp32/profiler_traces/pc59_4122452.1772583313585829415.pt.trace.json,10,4,1,4,False,8,False,12,13,26.19405961036682,3.871814250946045,4.279296875,444.662,692.932,270.304,85.647,2561.186,2018.369,321.469,150.698,357.109,0.003,610.665,376.984,270.304,190.093,True,115.10877418518066,433029.0,NVIDIA RTX A5000,0.0,3.871814250946045,4.279296875,3284.59,1004.949,266.812,5.47,0.706,1277.937,2.5702284228408754,3.0,8.0,4.0,226.64133333333334,107.15733333333333,119.037,12.209,76.333375,67.577,21.4125,79.214,162.80625,105.52711641881484,1922.2931666103643,3964.3732096354165,1879.0641627041143,3921.1442057291665,11314.37939453125,7534.139973958333,0.0021934635174943274,0.002197265625,2.5515246837183715e-06,5.086263020833333e-06,0.00115966796875,0.00115203857421875,1959.911318845717,3902.7179361979165,0.2609908782558051,79.24951171875,17735.4677734375,21515.707194010418,0.0021933578863376525,0.002197265625,0.0,0.0,0.000152587890625,0.00016021728515625,62.46755609279725,75.96044921875,19.238552186547256,32.7314453125,32.7314453125,11.1220703125,0.0024768829345703123,0.002513885498046875,0.0002872467041015625,0.000324249267578125,0.001251220703125,0.00093841552734375
ok,,batch_ga_sweep_sim90_bs1_ga1_pb4_10ts_amp,batch_ga_sweep_sim90_bs1_ga1_pb4_10ts_amp,batch_ga_sweep_sim90_bs1_ga1_pb4_10ts_amp,/home/gkulemeyer/Documents/Repos/RNADiffusion/profiler/logs/diffusion_profiler_light_batch/batch_ga_sweep_sim90_bs1_ga1_pb4_10ts_amp,/home/gkulemeyer/Documents/Repos/RNADiffusion/profiler/logs/diffusion_profiler_light_batch/batch_ga_sweep_sim90_bs1_ga1_pb4_10ts_amp/profiler_traces,/home/gkulemeyer/Documents/Repos/RNADiffusion/profiler/logs/diffusion_profiler_light_batch/batch_ga_sweep_sim90_bs1_ga1_pb4_10ts_amp/profiler_traces/pc59_4122452.1772583044485089382.pt.trace.json,10,1,1,4,True,1,False,12,13,34.31519389152527,1.0173282623291016,1.36328125,683.466,601.93,251.558,20.756,3550.718,485.472,532.416,40.697,663.321,0.006,915.112,92.643,251.558,46.698,True,150.9293966293335,585945.0,NVIDIA RTX A5000,0.0,1.0173282623291016,1.36328125,7216.912,239.627,416.669,2.747,0.362,659.405,10.944581857887034,3.0,8.0,4.0,402.21233333333333,177.473,221.107,3.2263333333333333,114.3895,62.89025,5.1895,149.718,147.57475,-1.4315245995805448,366.36169213607104,811.0402018229166,316.2886127089877,760.9671223958334,5548.787760416667,4920.749837239583,3.8272870255775575e-06,7.62939453125e-06,2.5515246837183715e-06,5.086263020833333e-06,0.00115966796875,0.00115203857421875,373.892609164617,801.5338541666666,0.11389380498008662,123.4228515625,6376.86083984375,6994.212890625,3.721655868902439e-06,7.62939453125e-06,0.0,0.0,0.000152587890625,0.00016021728515625,66.03152558297823,71.76692708333333,5.272573760061554,11.007975260416666,11.010416666666666,11.010416666666666,6.67572021484375e-06,1.1444091796875e-05,6.67572021484375e-06,1.1444091796875e-05,0.00093841552734375,0.00093841552734375
ok,,batch_ga_sweep_sim90_bs1_ga2_pb4_10ts_amp,batch_ga_sweep_sim90_bs1_ga2_pb4_10ts_amp,batch_ga_sweep_sim90_bs1_ga2_pb4_10ts_amp,/home/gkulemeyer/Documents/Repos/RNADiffusion/profiler/logs/diffusion_profiler_light_batch/batch_ga_sweep_sim90_bs1_ga2_pb4_10ts_amp,/home/gkulemeyer/Documents/Repos/RNADiffusion/profiler/logs/diffusion_profiler_light_batch/batch_ga_sweep_sim90_bs1_ga2_pb4_10ts_amp/profiler_traces,/home/gkulemeyer/Documents/Repos/RNADiffusion/profiler/logs/diffusion_profiler_light_batch/batch_ga_sweep_sim90_bs1_ga2_pb4_10ts_amp/profiler_traces/pc59_4122452.1772583104227046469.pt.trace.json,10,1,1,4,True,2,False,12,13,32.96087622642517,0.8909821510314941,1.384765625,454.924,653.441,262.684,34.421,3374.989,466.826,602.735,36.199,646.105,0.006,692.18,93.141,262.684,47.031,True,148.61790084838867,571557.0,NVIDIA RTX A5000,0.0,0.8160247802734375,1.384765625,6335.443,230.463,365.817,2.611,0.34,599.231,10.572622244176285,3.0,8.0,4.0,420.7393333333333,200.912,215.36833333333334,6.039,86.523,65.6715,8.60575,87.67025,160.16775,82.69338800790462,311.1069758853235,699.8707682291666,261.7002376040735,650.4640299479166,4834.900227864583,4317.75048828125,0.0005251692466609943,0.0005289713541666666,2.5515246837183715e-06,5.086263020833333e-06,0.00115966796875,0.00115203857421875,316.72254799902794,699.7976888020834,0.1761347191200849,133.2412109375,8106.294108072917,8619.881673177084,0.000525063615504319,0.0005289713541666666,0.0,0.0,0.000152587890625,0.00016021728515625,61.08364541772852,70.771484375,11.710110261478526,21.39794921875,21.400390625,10.798828125,0.0006161689758300781,0.000637054443359375,0.00014696121215820312,0.0001678466796875,0.001094818115234375,0.00093841552734375
ok,,batch_ga_sweep_sim90_bs1_ga8_pb4_10ts_amp,batch_ga_sweep_sim90_bs1_ga8_pb4_10ts_amp,batch_ga_sweep_sim90_bs1_ga8_pb4_10ts_amp,/home/gkulemeyer/Documents/Repos/RNADiffusion/profiler/logs/diffusion_profiler_light_batch/batch_ga_sweep_sim90_bs1_ga8_pb4_10ts_amp,/home/gkulemeyer/Documents/Repos/RNADiffusion/profiler/logs/diffusion_profiler_light_batch/batch_ga_sweep_sim90_bs1_ga8_pb4_10ts_amp/profiler_traces,/home/gkulemeyer/Documents/Repos/RNADiffusion/profiler/logs/diffusion_profiler_light_batch/batch_ga_sweep_sim90_bs1_ga8_pb4_10ts_amp/profiler_traces/pc59_4122452.1772583163095059566.pt.trace.json,10,1,1,4,True,8,False,12,13,31.234683513641357,0.7486429214477539,1.384765625,470.849,641.014,260.981,25.3,2631.533,447.39,284.684,32.254,440.013,0.006,702.396,93.219,260.981,47.023,True,140.5306158065796,527603.0,NVIDIA RTX A5000,0.0,0.673795223236084,1.384765625,4146.944,220.953,298.404,2.442,0.3,522.099,7.942830765812614,3.0,8.0,4.0,241.76733333333334,94.895,146.67133333333334,10.51,87.8,65.2455,6.3255,91.433,156.1265,70.7550884254044,242.32289897501786,572.9080403645834,203.24754090210118,533.8326822916666,5414.271484375,5013.139322916667,0.0009422428143693275,0.000946044921875,2.5515246837183715e-06,5.086263020833333e-06,0.00115966796875,0.00115203857421875,246.3559722477212,571.3204752604166,0.150757836478784,131.11295572916666,6479.643391927083,6880.775553385417,0.0009421371832126524,0.000946044921875,0.0,0.0,0.000152587890625,0.00016021728515625,57.20827205882353,70.76611328125,18.19167049632353,31.74951171875,31.751953125,10.390625,0.0012256622314453125,0.001262664794921875,0.0002872467041015625,0.000324249267578125,0.001251220703125,0.00093841552734375
ok,,batch_ga_sweep_sim90_bs4_ga1_pb4_10ts_amp,batch_ga_sweep_sim90_bs4_ga1_pb4_10ts_amp,batch_ga_sweep_sim90_bs4_ga1_pb4_10ts_amp,/home/gkulemeyer/Documents/Repos/RNADiffusion/profiler/logs/diffusion_profiler_light_batch/batch_ga_sweep_sim90_bs4_ga1_pb4_10ts_amp,/home/gkulemeyer/Documents/Repos/RNADiffusion/profiler/logs/diffusion_profiler_light_batch/batch_ga_sweep_sim90_bs4_ga1_pb4_10ts_amp/profiler_traces,/home/gkulemeyer/Documents/Repos/RNADiffusion/profiler/logs/diffusion_profiler_light_batch/batch_ga_sweep_sim90_bs4_ga1_pb4_10ts_amp/profiler_traces/pc59_4122452.1772583224387406729.pt.trace.json,10,4,1,4,True,1,False,12,13,33.63261961936951,3.540106773376465,4.02734375,505.735,792.145,273.562,128.236,3467.773,1781.547,562.394,140.98,592.906,0.006,727.352,336.287,273.562,188.77,True,146.54052543640137,560355.0,NVIDIA RTX A5000,0.0,3.540106773376465,4.02734375,6173.298,884.38,357.795,5.293,1.102,1248.57,4.944294673106033,3.0,8.0,4.0,391.3833333333333,187.46533333333335,197.636,5.824333333333333,90.9195,68.39125,32.05925,94.6855,188.025,98.57845182208469,1711.1658181365483,3536.9842122395835,1664.317836365715,3490.13623046875,10124.56103515625,6788.74267578125,0.0014635847740047444,0.0014673868815104167,2.5515246837183715e-06,5.086263020833333e-06,0.00115966796875,0.00115203857421875,1730.494182956428,3544.6373697916665,0.14676624162251858,161.97102864583334,15394.4931640625,18718.732584635418,0.0014634791428480693,0.0014673868815104167,0.0,0.0,0.000152587890625,0.00016021728515625,68.2900798287621,77.0126953125,9.86315925584545,18.585774739583332,18.588216145833332,11.2431640625,0.0015599568684895833,0.001575469970703125,0.00010019938151041666,0.00011571248372395833,0.0010426839192708333,0.00093841552734375
ok,,batch_ga_sweep_sim90_bs4_ga2_pb4_10ts_amp,batch_ga_sweep_sim90_bs4_ga2_pb4_10ts_amp,batch_ga_sweep_sim90_bs4_ga2_pb4_10ts_amp,/home/gkulemeyer/Documents/Repos/RNADiffusion/profiler/logs/diffusion_profiler_light_batch/batch_ga_sweep_sim90_bs4_ga2_pb4_10ts_amp,/home/gkulemeyer/Documents/Repos/RNADiffusion/profiler/logs/diffusion_profiler_light_batch/batch_ga_sweep_sim90_bs4_ga2_pb4_10ts_amp/profiler_traces,/home/gkulemeyer/Documents/Repos/RNADiffusion/profiler/logs/diffusion_profiler_light_batch/batch_ga_sweep_sim90_bs4_ga2_pb4_10ts_amp/profiler_traces/pc59_4122452.1772583284403824113.pt.trace.json,10,4,1,4,True,2,False,12,13,33.19028115272522,3.731414318084717,4.279296875,515.792,802.96,281.095,118.789,3442.24,1656.419,604.025,117.959,535.917,0.006,750.249,336.627,281.095,188.705,True,146.11633491516113,557739.0,NVIDIA RTX A5000,0.0,3.1264467239379883,4.279296875,6257.444,822.072,341.535,5.175,0.966,1169.748,5.349394912408485,3.0,8.0,4.0,385.4703333333333,201.342,178.63966666666667,7.634,93.78125,70.274,29.698,96.36625,191.61725,98.84269648346802,1412.2437791402153,2925.44775390625,1359.166630702715,2872.37060546875,9439.860514322916,6716.9677734375,0.002089195125567244,0.0020929972330729165,2.5515246837183715e-06,5.086263020833333e-06,0.00115966796875,0.00115203857421875,1420.0137708953732,2908.9070638020835,0.11995071820637208,132.93717447916666,12426.69189453125,15145.827799479166,0.002089089494410569,0.0020929972330729165,0.0,0.0,0.000152587890625,0.00016021728515625,65.28369550245968,75.573486328125,12.045414252459684,22.335205078125,22.337646484375,11.637451171875,0.002180194854736328,0.002201080322265625,0.00014696121215820312,0.0001678466796875,0.001094818115234375,0.00093841552734375
ok,,batch_ga_sweep_sim90_bs4_ga8_pb4_10ts_amp,batch_ga_sweep_sim90_bs4_ga8_pb4_10ts_amp,batch_ga_sweep_sim90_bs4_ga8_pb4_10ts_amp,/home/gkulemeyer/Documents/Repos/RNADiffusion/profiler/logs/diffusion_profiler_light_batch/batch_ga_sweep_sim90_bs4_ga8_pb4_10ts_amp,/home/gkulemeyer/Documents/Repos/RNADiffusion/profiler/logs/diffusion_profiler_light_batch/batch_ga_sweep_sim90_bs4_ga8_pb4_10ts_amp/profiler_traces,/home/gkulemeyer/Documents/Repos/RNADiffusion/profiler/logs/diffusion_profiler_light_batch/batch_ga_sweep_sim90_bs4_ga8_pb4_10ts_amp/profiler_traces/pc59_4122452.1772583343258271540.pt.trace.json,10,4,1,4,True,8,False,12,13,31.36428999900818,3.529343605041504,4.279296875,553.929,787.908,283.488,94.077,2952.04,1712.321,362.065,127.926,396.603,0.006,790.105,336.579,283.488,188.928,True,138.26689434051514,514553.0,NVIDIA RTX A5000,0.0,3.529343605041504,4.279296875,4592.163,849.737,317.576,5.514,0.922,1173.749,3.9123892757310124,3.0,8.0,4.0,253.13366666666667,120.689,132.201,11.777,98.763875,70.873,23.51975,106.231,186.11875,75.20191846071297,1601.3783216380823,3317.69677734375,1557.1742200755823,3273.49267578125,9162.652669270834,6041.744791666667,0.0025062686932755774,0.00251007080078125,2.5515246837183715e-06,5.086263020833333e-06,0.00115966796875,0.00115203857421875,1604.3185804101497,3324.9415690104165,0.1339491562989518,159.82958984375,13617.793294270834,16738.701171875,0.0025061630621189025,0.00251007080078125,0.0,0.0,0.000152587890625,0.00016021728515625,62.60367359834559,76.33740234375,18.145665785845587,31.87939453125,31.8818359375,10.7275390625,0.0027896881103515623,0.002826690673828125,0.0002872467041015625,0.000324249267578125,0.001251220703125,0.00093841552734375
ok,,batch_ga_sweep_sim90_bs1_ga1_pb4_25ts_fp32,batch_ga_sweep_sim90_bs1_ga1_pb4_25ts_fp32,batch_ga_sweep_sim90_bs1_ga1_pb4_25ts_fp32,/home/gkulemeyer/Documents/Repos/RNADiffusion/profiler/logs/diffusion_profiler_light_batch/batch_ga_sweep_sim90_bs1_ga1_pb4_25ts_fp32,/home/gkulemeyer/Documents/Repos/RNADiffusion/profiler/logs/diffusion_profiler_light_batch/batch_ga_sweep_sim90_bs1_ga1_pb4_25ts_fp32/profiler_traces,/home/gkulemeyer/Documents/Repos/RNADiffusion/profiler/logs/diffusion_profiler_light_batch/batch_ga_sweep_sim90_bs1_ga1_pb4_25ts_fp32/profiler_traces/pc59_4122452.1772583392530532996.pt.trace.json,25,1,1,4,False,1,False,12,13,59.52497720718384,2.340869426727295,4.41796875,867.327,1465.325,686.867,22.227,5362.151,1224.21,721.69,89.048,825.186,0.003,1480.222,236.154,686.867,117.456,True,288.5781011581421,1083582.0,NVIDIA RTX A5000,0.0,2.340869426727295,4.41796875,7607.799,609.094,636.255,1.821,1.192,1248.362,6.09422507253505,3.0,8.0,4.0,521.7226666666667,240.56366666666665,275.062,5.483333333333333,185.02825,171.7175,5.5575,184.84025,362.9205,96.34278789387052,713.2031159828936,1493.9777018229167,664.4002188474769,1445.1748046875,9655.63623046875,8326.638509114584,0.0028190663452959,0.0028228759765625,2.546508843099823e-06,5.086263020833333e-06,0.00287628173828125,0.00286865234375,731.5311673929792,1511.7999674479167,0.10634057458753826,133.99934895833334,25006.603678385418,26324.578287760418,0.0028190235100170173,0.0028228759765625,0.0,0.0,0.0003814697265625,0.00038909912109375,65.4468765879065,70.78401692708333,5.6208674733231705,10.9580078125,10.9580078125,10.9580078125,0.0028219223022460938,0.002826690673828125,6.67572021484375e-06,1.1444091796875e-05,0.00093841552734375,0.00093841552734375
ok,,batch_ga_sweep_sim90_bs1_ga2_pb4_25ts_fp32,batch_ga_sweep_sim90_bs1_ga2_pb4_25ts_fp32,batch_ga_sweep_sim90_bs1_ga2_pb4_25ts_fp32,/home/gkulemeyer/Documents/Repos/RNADiffusion/profiler/logs/diffusion_profiler_light_batch/batch_ga_sweep_sim90_bs1_ga2_pb4_25ts_fp32,/home/gkulemeyer/Documents/Repos/RNADiffusion/profiler/logs/diffusion_profiler_light_batch/batch_ga_sweep_sim90_bs1_ga2_pb4_25ts_fp32/profiler_traces,/home/gkulemeyer/Documents/Repos/RNADiffusion/profiler/logs/diffusion_profiler_light_batch/batch_ga_sweep_sim90_bs1_ga2_pb4_25ts_fp32/profiler_traces/pc59_4122452.1772583523913886615.pt.trace.json,25,1,1,4,False,2,False,12,13,60.23103070259094,1.6711664199829102,4.515625,816.663,1349.989,629.46,31.773,5131.622,1178.543,645.126,81.812,859.879,0.003,1351.897,236.711,629.46,117.734,True,292.4462194442749,1100677.0,NVIDIA RTX A5000,0.0,1.6711664199829102,4.515625,7479.822,586.716,582.208,1.735,0.83,1171.489,6.38488453583431,3.0,8.0,4.0,506.14733333333334,215.04266666666666,286.62666666666667,5.9625,168.987875,157.3655,7.94375,168.939,334.74475,98.14533648239897,601.3868427379143,1228.056640625,552.3236916962477,1178.9934895833333,4997.662109375,3892.6845703125,0.0033404083049313163,0.0033442179361979165,2.546508843099823e-06,5.086263020833333e-06,0.00287628173828125,0.00286865234375,616.7154802196251,1287.0377604166667,0.11014978982811637,132.9970703125,24393.88037109375,25495.205240885418,0.0033403654696524342,0.0033442179361979165,0.0,0.0,0.0003814697265625,0.00038909912109375,61.3719795040968,70.511474609375,12.0636298947218,21.203125,21.203125,10.8154296875,0.003431415557861328,0.003452301025390625,0.00014696121215820312,0.0001678466796875,0.001094818115234375,0.00093841552734375
ok,,batch_ga_sweep_sim90_bs1_ga8_pb4_25ts_fp32,batch_ga_sweep_sim90_bs1_ga8_pb4_25ts_fp32,batch_ga_sweep_sim90_bs1_ga8_pb4_25ts_fp32,/home/gkulemeyer/Documents/Repos/RNADiffusion/profiler/logs/diffusion_profiler_light_batch/batch_ga_sweep_sim90_bs1_ga8_pb4_25ts_fp32,/home/gkulemeyer/Documents/Repos/RNADiffusion/profiler/logs/diffusion_profiler_light_batch/batch_ga_sweep_sim90_bs1_ga8_pb4_25ts_fp32/profiler_traces,/home/gkulemeyer/Documents/Repos/RNADiffusion/profiler/logs/diffusion_profiler_light_batch/batch_ga_sweep_sim90_bs1_ga8_pb4_25ts_fp32/profiler_traces/pc59_4122452.1772583660269436087.pt.trace.json,25,1,1,4,False,8,False,12,13,61.75650930404663,2.488680362701416,4.515625,870.047,1364.416,644.251,25.987,5110.268,1320.455,604.746,107.012,812.884,0.003,1367.803,236.165,644.251,117.487,True,289.4933547973633,1083156.0,NVIDIA RTX A5000,0.0,2.488680362701416,4.515625,7184.719,656.845,564.983,1.893,1.491,1225.212,5.864061892962198,3.0,8.0,4.0,472.7416666666667,201.58233333333334,270.9616666666667,11.135,170.97575,161.063,6.49675,171.87675,338.0285,96.66912482345634,950.2211629039217,1986.2431640625,911.5418009247551,1947.5638020833333,13790.66796875,11966.771158854166,0.00375748187263965,0.00376129150390625,2.546508843099823e-06,5.086263020833333e-06,0.00287628173828125,0.00286865234375,966.4033101638369,1998.7605794270833,0.09245157532936821,136.18440755208334,27386.41357421875,29210.310384114582,0.0037574390373607673,0.00376129150390625,0.0,0.0,0.0003814697265625,0.00038909912109375,57.30855504477896,70.15625,18.346640982278963,31.1943359375,31.1943359375,10.4111328125,0.004040908813476562,0.004077911376953125,0.0002872467041015625,0.000324249267578125,0.001251220703125,0.00093841552734375
ok,,batch_ga_sweep_sim90_bs4_ga1_pb4_25ts_fp32,batch_ga_sweep_sim90_bs4_ga1_pb4_25ts_fp32,batch_ga_sweep_sim90_bs4_ga1_pb4_25ts_fp32,/home/gkulemeyer/Documents/Repos/RNADiffusion/profiler/logs/diffusion_profiler_light_batch/batch_ga_sweep_sim90_bs4_ga1_pb4_25ts_fp32,/home/gkulemeyer/Documents/Repos/RNADiffusion/profiler/logs/diffusion_profiler_light_batch/batch_ga_sweep_sim90_bs4_ga1_pb4_25ts_fp32/profiler_traces,/home/gkulemeyer/Documents/Repos/RNADiffusion/profiler/logs/diffusion_profiler_light_batch/batch_ga_sweep_sim90_bs4_ga1_pb4_25ts_fp32/profiler_traces/pc59_4122452.1772583798804913983.pt.trace.json,25,4,1,4,False,1,False,12,13,64.87887048721313,9.418248176574707,10.107421875,932.396,1584.622,696.047,119.096,6154.415,4457.742,849.919,279.121,1031.234,0.003,1471.171,941.227,696.047,473.739,True,294.0889940261841,1113320.0,NVIDIA RTX A5000,0.0,9.418248176574707,10.107421875,9266.689,2221.247,641.913,5.6,2.051,2870.811,3.227899363629302,3.0,8.0,4.0,632.599,283.307,343.745,5.020666666666667,183.896875,174.0125,29.775,184.24725,387.77075,110.46216429281847,3439.218390929225,6978.79345703125,3386.549282856308,6926.124348958333,27711.65966796875,20922.783365885418,0.00438309222420215,0.00438690185546875,2.546508843099823e-06,5.086263020833333e-06,0.00287628173828125,0.00286865234375,3485.0665664028807,6911.880533854167,0.0789504256783125,70.33512369791667,30863.698079427082,37641.43359375,0.004383049388923268,0.00438690185546875,0.0,0.0,0.0003814697265625,0.00038909912109375,69.27148040523373,74.58821614583333,5.461584571900406,10.7783203125,10.7783203125,10.7783203125,0.004385948181152344,0.004390716552734375,6.67572021484375e-06,1.1444091796875e-05,0.00093841552734375,0.00093841552734375
ok,,batch_ga_sweep_sim90_bs4_ga2_pb4_25ts_fp32,batch_ga_sweep_sim90_bs4_ga2_pb4_25ts_fp32,batch_ga_sweep_sim90_bs4_ga2_pb4_25ts_fp32,/home/gkulemeyer/Documents/Repos/RNADiffusion/profiler/logs/diffusion_profiler_light_batch/batch_ga_sweep_sim90_bs4_ga2_pb4_25ts_fp32,/home/gkulemeyer/Documents/Repos/RNADiffusion/profiler/logs/diffusion_profiler_light_batch/batch_ga_sweep_sim90_bs4_ga2_pb4_25ts_fp32/profiler_traces,/home/gkulemeyer/Documents/Repos/RNADiffusion/profiler/logs/diffusion_profiler_light_batch/batch_ga_sweep_sim90_bs4_ga2_pb4_25ts_fp32/profiler_traces/pc59_4122452.1772583938342545680.pt.trace.json,25,4,1,4,False,2,False,12,13,63.23975372314453,9.404321670532227,10.107421875,959.401,1549.403,695.368,66.233,5952.435,4742.904,748.468,332.552,967.012,0.003,1516.632,941.048,695.368,474.801,True,290.7760372161865,1095321.0,NVIDIA RTX A5000,0.0,9.404321670532227,10.107421875,8725.057,2363.701,624.539,5.898,1.853,2995.991,2.9122440621483845,3.0,8.0,4.0,577.1513333333334,249.48966666666666,322.338,7.247,189.579375,173.84225,16.55925,191.699,378.33475,97.35874991523168,4119.288514995585,8341.936848958334,4066.0513730685016,8288.69970703125,28225.60791015625,20076.0361328125,0.004904434183837567,0.004908243815104167,2.546508843099823e-06,5.086263020833333e-06,0.00287628173828125,0.00286865234375,4157.548924718653,8280.363932291666,0.09046898264088495,77.55501302083333,35090.987467447914,43236.753743489586,0.004904391348558684,0.004908243815104167,0.0,0.0,0.0003814697265625,0.00038909912109375,66.17008711652058,75.38623046875,11.97330977277058,21.189453125,21.189453125,10.7998046875,0.0049954414367675785,0.005016326904296875,0.00014696121215820312,0.0001678466796875,0.001094818115234375,0.00093841552734375
ok,,batch_ga_sweep_sim90_bs4_ga8_pb4_25ts_fp32,batch_ga_sweep_sim90_bs4_ga8_pb4_25ts_fp32,batch_ga_sweep_sim90_bs4_ga8_pb4_25ts_fp32,/home/gkulemeyer/Documents/Repos/RNADiffusion/profiler/logs/diffusion_profiler_light_batch/batch_ga_sweep_sim90_bs4_ga8_pb4_25ts_fp32,/home/gkulemeyer/Documents/Repos/RNADiffusion/profiler/logs/diffusion_profiler_light_batch/batch_ga_sweep_sim90_bs4_ga8_pb4_25ts_fp32/profiler_traces,/home/gkulemeyer/Documents/Repos/RNADiffusion/profiler/logs/diffusion_profiler_light_batch/batch_ga_sweep_sim90_bs4_ga8_pb4_25ts_fp32/profiler_traces/pc59_4122452.1772584075870918121.pt.trace.json,25,4,1,4,False,8,False,12,13,63.283538818359375,9.991802215576172,10.658203125,950.681,1526.133,681.643,87.331,6060.664,4768.677,817.802,334.498,1018.667,0.003,1461.493,943.441,681.643,475.821,True,290.46437644958496,1094182.0,NVIDIA RTX A5000,0.0,9.991802215576172,10.658203125,8961.156,2376.813,627.728,5.724,1.82,3012.085,2.975067436675924,3.0,8.0,4.0,612.4826666666667,272.601,339.556,13.099,182.687,170.41125,21.83325,185.46425,372.632,100.91850585759789,4207.262250668731,8529.773274739584,4164.725792335398,8487.23681640625,29630.164713541668,21282.337890625,0.005321507751545901,0.0053253173828125,2.546508843099823e-06,5.086263020833333e-06,0.00287628173828125,0.00286865234375,4240.809271963114,8469.492350260416,0.09023176356999978,79.12906901041667,32333.686686197918,40681.513509114586,0.005321464916267018,0.0053253173828125,0.0,0.0,0.0003814697265625,0.00038909912109375,59.71902093654725,72.5478515625,18.334255311547256,31.1630859375,31.1630859375,10.3876953125,0.005604934692382812,0.005641937255859375,0.0002872467041015625,0.000324249267578125,0.001251220703125,0.00093841552734375
ok,,batch_ga_sweep_sim90_bs1_ga1_pb4_25ts_amp,batch_ga_sweep_sim90_bs1_ga1_pb4_25ts_amp,batch_ga_sweep_sim90_bs1_ga1_pb4_25ts_amp,/home/gkulemeyer/Documents/Repos/RNADiffusion/profiler/logs/diffusion_profiler_light_batch/batch_ga_sweep_sim90_bs1_ga1_pb4_25ts_amp,/home/gkulemeyer/Documents/Repos/RNADiffusion/profiler/logs/diffusion_profiler_light_batch/batch_ga_sweep_sim90_bs1_ga1_pb4_25ts_amp/profiler_traces,/home/gkulemeyer/Documents/Repos/RNADiffusion/profiler/logs/diffusion_profiler_light_batch/batch_ga_sweep_sim90_bs1_ga1_pb4_25ts_amp/profiler_traces/pc59_4122452.1772583459302906778.pt.trace.json,25,1,1,4,True,1,False,12,13,71.67466735839844,2.266127109527588,4.515625,1042.109,1587.814,686.961,30.184,5854.088,1218.492,693.411,102.729,906.113,0.006,1757.494,231.951,686.961,117.567,True,341.0842056274414,1265026.0,NVIDIA RTX A5000,0.0,2.266127109527588,4.515625,9936.577,602.532,726.874,5.731,0.991,1336.128,7.436845122622982,3.0,8.0,4.0,541.3903333333334,231.13733333333334,302.038,7.664666666666667,219.68725,171.7405,7.5465,225.562,393.56025,74.47985476277033,842.208940717136,1769.4597981770833,798.752886029636,1726.0037434895833,16073.386881510416,14481.957682291666,0.0030276031291500663,0.0030314127604166665,2.546508843099823e-06,5.086263020833333e-06,0.00287628173828125,0.00286865234375,849.3029656475582,1759.3816731770833,0.04473486268800813,124.49641927083333,15930.01708984375,17509.985026041668,0.0030275602938711842,0.0030314127604166665,0.0,0.0,0.0003814697265625,0.00038909912109375,64.89737324706161,73.40901692708333,9.980055538728276,18.49169921875,18.494140625,10.891927083333334,0.0031239827473958336,0.003139495849609375,0.00010019938151041666,0.00011571248372395833,0.0010426839192708333,0.00093841552734375
ok,,batch_ga_sweep_sim90_bs1_ga2_pb4_25ts_amp,batch_ga_sweep_sim90_bs1_ga2_pb4_25ts_amp,batch_ga_sweep_sim90_bs1_ga2_pb4_25ts_amp,/home/gkulemeyer/Documents/Repos/RNADiffusion/profiler/logs/diffusion_profiler_light_batch/batch_ga_sweep_sim90_bs1_ga2_pb4_25ts_amp,/home/gkulemeyer/Documents/Repos/RNADiffusion/profiler/logs/diffusion_profiler_light_batch/batch_ga_sweep_sim90_bs1_ga2_pb4_25ts_amp/profiler_traces,/home/gkulemeyer/Documents/Repos/RNADiffusion/profiler/logs/diffusion_profiler_light_batch/batch_ga_sweep_sim90_bs1_ga2_pb4_25ts_amp/profiler_traces/pc59_4122452.1772583592278107772.pt.trace.json,25,1,1,4,True,2,False,12,13,73.82615160942078,2.3944311141967773,4.515625,1200.742,1506.397,632.059,10.0,6634.149,1241.545,978.362,106.099,1063.017,0.006,1852.344,232.145,632.059,117.657,True,348.2031774520874,1302970.0,NVIDIA RTX A5000,0.0,2.3944311141967773,4.515625,12052.601,614.083,744.543,5.656,1.051,1365.333,8.827590778220404,3.0,8.0,4.0,686.3596666666666,326.121,354.3393333333333,8.1275,231.543625,158.015,2.5005,252.1385,371.92075,47.50652914965386,911.5203299453242,1903.0655924479167,861.9273937474076,1853.47265625,14220.001953125,12501.519368489584,0.0036532134807125663,0.0036570231119791665,2.546508843099823e-06,5.086263020833333e-06,0.00287628173828125,0.00286865234375,916.9990612549524,1887.2003580729167,0.03979407696016998,119.12483723958333,15110.22705078125,16824.788736979168,0.0036531706454336842,0.0036570231119791665,0.0,0.0,0.0003814697265625,0.00038909912109375,61.307253816166025,71.016357421875,11.652712800541027,21.36181640625,21.3642578125,10.953125,0.003744220733642578,0.003765106201171875,0.00014696121215820312,0.0001678466796875,0.001094818115234375,0.00093841552734375
ok,,batch_ga_sweep_sim90_bs1_ga8_pb4_25ts_amp,batch_ga_sweep_sim90_bs1_ga8_pb4_25ts_amp,batch_ga_sweep_sim90_bs1_ga8_pb4_25ts_amp,/home/gkulemeyer/Documents/Repos/RNADiffusion/profiler/logs/diffusion_profiler_light_batch/batch_ga_sweep_sim90_bs1_ga8_pb4_25ts_amp,/home/gkulemeyer/Documents/Repos/RNADiffusion/profiler/logs/diffusion_profiler_light_batch/batch_ga_sweep_sim90_bs1_ga8_pb4_25ts_amp/profiler_traces,/home/gkulemeyer/Documents/Repos/RNADiffusion/profiler/logs/diffusion_profiler_light_batch/batch_ga_sweep_sim90_bs1_ga8_pb4_25ts_amp/profiler_traces/pc59_4122452.1772583728595872957.pt.trace.json,25,1,1,4,True,8,False,12,13,73.30396294593811,2.2537002563476562,4.603515625,1128.128,1547.283,661.175,23.076,6405.025,1245.807,913.434,107.451,1005.837,0.006,1785.16,231.795,661.175,117.361,True,344.2502861022949,1281150.0,NVIDIA RTX A5000,0.0,2.2537002563476562,4.603515625,11465.085,616.115,721.586,5.742,1.051,1344.494,8.527434856533388,3.0,8.0,4.0,639.9666666666666,304.4786666666667,335.2796666666667,13.976,223.1455,165.2945,5.77,235.211,382.64675,62.682336285292784,909.3044518978077,1909.8317057291667,869.9701420019743,1870.4973958333333,13195.03759765625,11459.904947916666,0.0040702870484209,0.0040740966796875,2.546508843099823e-06,5.086263020833333e-06,0.00287628173828125,0.00286865234375,913.2640495004176,1894.1868489583333,0.04345694210718596,119.71988932291667,16253.83203125,17988.964680989582,0.004070244213142018,0.0040740966796875,0.0,0.0,0.0003814697265625,0.00038909912109375,57.64031479779412,71.15576171875,18.07586167279412,31.59130859375,31.59375,10.390625,0.004353713989257812,0.004390716552734375,0.0002872467041015625,0.000324249267578125,0.001251220703125,0.00093841552734375
ok,,batch_ga_sweep_sim90_bs4_ga1_pb4_25ts_amp,batch_ga_sweep_sim90_bs4_ga1_pb4_25ts_amp,batch_ga_sweep_sim90_bs4_ga1_pb4_25ts_amp,/home/gkulemeyer/Documents/Repos/RNADiffusion/profiler/logs/diffusion_profiler_light_batch/batch_ga_sweep_sim90_bs4_ga1_pb4_25ts_amp,/home/gkulemeyer/Documents/Repos/RNADiffusion/profiler/logs/diffusion_profiler_light_batch/batch_ga_sweep_sim90_bs4_ga1_pb4_25ts_amp/profiler_traces,/home/gkulemeyer/Documents/Repos/RNADiffusion/profiler/logs/diffusion_profiler_light_batch/batch_ga_sweep_sim90_bs4_ga1_pb4_25ts_amp/profiler_traces/pc59_4122452.1772583870466721628.pt.trace.json,25,4,1,4,True,1,False,12,13,74.92682552337646,8.500580787658691,10.107421875,1187.864,1673.241,690.956,71.588,6971.614,4074.27,1057.834,281.794,1110.349,0.006,1846.158,838.964,690.956,473.947,True,344.8217315673828,1285755.0,NVIDIA RTX A5000,0.0,7.990527629852295,10.107421875,12517.929,2029.074,767.67,5.698,2.382,2804.824,4.462999817457352,3.0,8.0,4.0,728.0203333333334,352.6116666666667,370.117,4.764,230.770125,172.7395,17.8975,244.372,408.22,67.04859803905521,3477.1990318247704,7071.43212890625,3438.3866945851873,7032.619791666667,24956.551106770832,18073.72900390625,0.004487360616129233,0.004491170247395833,2.546508843099823e-06,5.086263020833333e-06,0.00287628173828125,0.00286865234375,3493.2518398872526,7049.776692708333,0.048546562153085386,128.14225260416666,32324.487467447918,39195.526204427086,0.004487317780850351,0.004491170247395833,0.0,0.0,0.0003814697265625,0.00038909912109375,58.905536211436505,65.60091145833333,8.309833086436516,15.005208333333334,15.007161458333334,7.510091145833333,0.0046826362609863285,0.004703521728515625,0.00014696121215820312,0.0001678466796875,0.001094818115234375,0.00093841552734375
ok,,batch_ga_sweep_sim90_bs4_ga2_pb4_25ts_amp,batch_ga_sweep_sim90_bs4_ga2_pb4_25ts_amp,batch_ga_sweep_sim90_bs4_ga2_pb4_25ts_amp,/home/gkulemeyer/Documents/Repos/RNADiffusion/profiler/logs/diffusion_profiler_light_batch/batch_ga_sweep_sim90_bs4_ga2_pb4_25ts_amp,/home/gkulemeyer/Documents/Repos/RNADiffusion/profiler/logs/diffusion_profiler_light_batch/batch_ga_sweep_sim90_bs4_ga2_pb4_25ts_amp/profiler_traces,/home/gkulemeyer/Documents/Repos/RNADiffusion/profiler/logs/diffusion_profiler_light_batch/batch_ga_sweep_sim90_bs4_ga2_pb4_25ts_amp/profiler_traces/pc59_4122452.1772584008371676627.pt.trace.json,25,4,1,4,True,2,False,12,13,73.58408713340759,7.979096412658691,10.107421875,1196.878,1693.317,698.619,61.623,7039.184,4119.088,1020.293,288.597,1116.579,0.006,1866.784,839.166,698.619,474.087,True,344.6644163131714,1284683.0,NVIDIA RTX A5000,0.0,7.979096412658691,10.107421875,12458.866,2051.091,775.809,6.015,2.453,2835.368,4.394091348988915,3.0,8.0,4.0,716.1626666666666,340.098,372.1933333333333,5.0475,233.34825,174.655,15.40625,246.18575,411.0095,66.95097096399772,3616.6055832912957,7350.88671875,3577.3697434475457,7311.65087890625,25619.531901041668,18459.212076822918,0.00500870257576465,0.00501251220703125,2.546508843099823e-06,5.086263020833333e-06,0.00287628173828125,0.00286865234375,3621.629461535489,7323.985026041667,0.04987225233457112,124.42936197916667,33169.977213541664,40326.770670572914,0.005008659740485768,0.00501251220703125,0.0,0.0,0.0003814697265625,0.00038909912109375,53.08517515893076,59.96826171875,9.50119078393076,16.38427734375,16.385986328125,5.19677734375,0.005292129516601562,0.005329132080078125,0.0002872467041015625,0.000324249267578125,0.001251220703125,0.00093841552734375
ok,,batch_ga_sweep_sim90_bs4_ga8_pb4_25ts_amp,batch_ga_sweep_sim90_bs4_ga8_pb4_25ts_amp,batch_ga_sweep_sim90_bs4_ga8_pb4_25ts_amp,/home/gkulemeyer/Documents/Repos/RNADiffusion/profiler/logs/diffusion_profiler_light_batch/batch_ga_sweep_sim90_bs4_ga8_pb4_25ts_amp,/home/gkulemeyer/Documents/Repos/RNADiffusion/profiler/logs/diffusion_profiler_light_batch/batch_ga_sweep_sim90_bs4_ga8_pb4_25ts_amp/profiler_traces,/home/gkulemeyer/Documents/Repos/RNADiffusion/profiler/logs/diffusion_profiler_light_batch/batch_ga_sweep_sim90_bs4_ga8_pb4_25ts_amp/profiler_traces/pc59_4122452.1772584145791915861.pt.trace.json,25,4,1,4,True,8,False,12,13,74.5556812286377,8.500450134277344,10.658203125,1164.677,1759.643,732.509,55.476,6767.261,4248.983,901.789,316.439,1049.576,0.006,1879.856,838.597,732.509,472.605,True,340.86882495880127,1264198.0,NVIDIA RTX A5000,0.0,7.980198860168457,10.658203125,11551.359,2116.264,756.265,5.795,2.451,2880.775,4.00980951306506,3.0,8.0,4.0,650.684,300.5973333333333,349.8593333333333,16.445,234.982625,183.1275,13.869,239.09775,428.29275,79.12872454885084,4022.6229659731857,8163.160319010417,3978.7032068586027,8119.240559895833,26576.061686197918,18609.915364583332,0.005634312927327151,0.00563812255859375,2.546508843099823e-06,5.086263020833333e-06,0.00287628173828125,0.00286865234375,4024.3197151178842,8170.577799479167,0.05725454224564581,160.51171875,39562.001627604164,47528.14794921875,0.005634270092048268,0.00563812255859375,0.0,0.0,0.0003814697265625,0.00038909912109375,62.29453699448529,76.1171875,18.454204963235295,32.27685546875,32.279296875,10.640625,0.005917739868164062,0.005954742431640625,0.0002872467041015625,0.000324249267578125,0.001251220703125,0.00093841552734375
ok,,batch_ga_sweep_sim90_bs1_ga16_pb4_60ts_fp32,batch_ga_sweep_sim90_bs1_ga16_pb4_60ts_fp32,batch_ga_sweep_sim90_bs1_ga16_pb4_60ts_fp32,/home/gkulemeyer/Documents/Repos/RNADiffusion/profiler/logs/diffusion_profiler_light_batch/batch_ga_sweep_sim90_bs1_ga16_pb4_60ts_fp32,/home/gkulemeyer/Documents/Repos/RNADiffusion/profiler/logs/diffusion_profiler_light_batch/batch_ga_sweep_sim90_bs1_ga16_pb4_60ts_fp32/profiler_traces,/home/gkulemeyer/Documents/Repos/RNADiffusion/profiler/logs/diffusion_profiler_light_batch/batch_ga_sweep_sim90_bs1_ga16_pb4_60ts_fp32/profiler_traces/pc59_4122452.1772588360171259786.pt.trace.json,60,1,1,4,False,16,False,12,13,158.25900316238403,6.109589576721191,20.111328125,2378.286,3705.203,1774.933,26.88,15141.538,3118.887,2271.068,249.908,2552.126,0.003,3881.604,566.188,1774.933,281.504,True,699.6466541290283,2624599.0,NVIDIA RTX A5000,0.0,6.109589576721191,20.111328125,24283.771,1553.313,1529.641,3.214,2.925,3089.093,7.861133025130678,3.0,8.0,4.0,1608.4183333333333,757.0233333333334,850.7086666666667,15.379,485.201,443.7335,6.72075,499.4255,921.87875,84.58784142980285,2176.2076607491376,4433.841796875,2136.6987089262207,4394.332845052083,32984.62451171875,28715.710123697918,0.009387972086453134,0.00939178466796875,2.5445420104224442e-06,5.086263020833333e-06,0.0068817138671875,0.00687408447265625,2192.6492791395162,4444.357421875,0.030684229774789018,135.93408203125,52811.59521484375,57080.509602864586,0.009387954142083765,0.00939178466796875,0.0,0.0,0.00091552734375,0.00092315673828125,58.1950713366997,71.09326171875,18.671145555449694,31.5693359375,31.5693359375,10.3876953125,0.009671401977539063,0.009708404541015625,0.0002872467041015625,0.000324249267578125,0.001251220703125,0.00093841552734375
ok,,batch_ga_sweep_sim90_bs1_ga1_pb4_60ts_fp32,batch_ga_sweep_sim90_bs1_ga1_pb4_60ts_fp32,batch_ga_sweep_sim90_bs1_ga1_pb4_60ts_fp32,/home/gkulemeyer/Documents/Repos/RNADiffusion/profiler/logs/diffusion_profiler_light_batch/batch_ga_sweep_sim90_bs1_ga1_pb4_60ts_fp32,/home/gkulemeyer/Documents/Repos/RNADiffusion/profiler/logs/diffusion_profiler_light_batch/batch_ga_sweep_sim90_bs1_ga1_pb4_60ts_fp32/profiler_traces,/home/gkulemeyer/Documents/Repos/RNADiffusion/profiler/logs/diffusion_profiler_light_batch/batch_ga_sweep_sim90_bs1_ga1_pb4_60ts_fp32/profiler_traces/pc59_4122452.1772584262280387318.pt.trace.json,60,1,1,4,False,1,False,12,13,143.87701392173767,5.72093391418457,10.9140625,2061.538,3387.135,1613.25,24.703,12846.544,2908.089,1604.063,209.912,2220.818,0.003,3596.892,567.144,1613.25,282.022,True,696.3152017593384,2607959.0,NVIDIA RTX A5000,0.0,5.359625339508057,10.9140625,19790.753,1448.135,1414.66,3.187,2.726,2868.708,6.898838431795777,3.0,8.0,4.0,1281.3806666666667,534.6876666666666,740.2733333333334,5.911666666666667,449.612125,403.31325,6.176,465.66125,843.483,81.13660949885781,1605.9735084258607,3281.6326497395835,1557.1865618112772,3232.845703125,25674.087565104168,22560.187825520832,0.005947115152859383,0.005950927734375,2.5445420104224442e-06,5.086263020833333e-06,0.0068817138671875,0.00687408447265625,1624.2257284046984,3296.5520833333335,0.051649022911719744,133.86539713541666,64860.515462239586,67963.50146484375,0.005947097208490015,0.005950927734375,0.0,0.0,0.00091552734375,0.00092315673828125,65.1209349593496,70.37223307291667,5.420251365599594,10.671549479166666,10.671549479166666,10.671549479166666,0.005949974060058594,0.005954742431640625,6.67572021484375e-06,1.1444091796875e-05,0.00093841552734375,0.00093841552734375
ok,,batch_ga_sweep_sim90_bs1_ga2_pb4_60ts_fp32,batch_ga_sweep_sim90_bs1_ga2_pb4_60ts_fp32,batch_ga_sweep_sim90_bs1_ga2_pb4_60ts_fp32,/home/gkulemeyer/Documents/Repos/RNADiffusion/profiler/logs/diffusion_profiler_light_batch/batch_ga_sweep_sim90_bs1_ga2_pb4_60ts_fp32,/home/gkulemeyer/Documents/Repos/RNADiffusion/profiler/logs/diffusion_profiler_light_batch/batch_ga_sweep_sim90_bs1_ga2_pb4_60ts_fp32/profiler_traces,/home/gkulemeyer/Documents/Repos/RNADiffusion/profiler/logs/diffusion_profiler_light_batch/batch_ga_sweep_sim90_bs1_ga2_pb4_60ts_fp32/profiler_traces/pc59_4122452.1772584580533208071.pt.trace.json,60,1,1,4,False,2,False,12,13,147.67944860458374,5.72093391418457,11.20703125,2285.549,3335.05,1604.031,10.052,13055.324,2943.059,1614.355,212.185,2147.194,0.003,3661.933,568.043,1604.031,282.349,True,693.0043478012085,2590676.0,NVIDIA RTX A5000,0.0,4.707276821136475,11.20703125,19321.952,1465.748,1421.331,3.198,2.59,2892.867,6.679170525295494,3.0,8.0,4.0,1261.4376666666667,538.119,715.7323333333334,10.244,457.742,401.008,2.5135,489.431,830.04275,69.59341561936208,1652.851773965676,3338.3689778645835,1603.6956867260926,3289.212890625,20840.125325520832,17631.880045572918,0.0064684571124947994,0.006472269694010417,2.5445420104224442e-06,5.086263020833333e-06,0.0068817138671875,0.00687408447265625,1669.217151385111,3391.4270833333335,0.041370339078778094,134.02571614583334,60020.260091145836,63224.839680989586,0.006468439168125432,0.006472269694010417,0.0,0.0,0.00091552734375,0.00092315673828125,61.17456501286204,70.14453125,11.805424387862043,20.775390625,20.775390625,10.3876953125,0.0065594673156738285,0.006580352783203125,0.00014696121215820312,0.0001678466796875,0.001094818115234375,0.00093841552734375
ok,,batch_ga_sweep_sim90_bs1_ga4_pb4_60ts_fp32,batch_ga_sweep_sim90_bs1_ga4_pb4_60ts_fp32,batch_ga_sweep_sim90_bs1_ga4_pb4_60ts_fp32,/home/gkulemeyer/Documents/Repos/RNADiffusion/profiler/logs/diffusion_profiler_light_batch/batch_ga_sweep_sim90_bs1_ga4_pb4_60ts_fp32,/home/gkulemeyer/Documents/Repos/RNADiffusion/profiler/logs/diffusion_profiler_light_batch/batch_ga_sweep_sim90_bs1_ga4_pb4_60ts_fp32/profiler_traces,/home/gkulemeyer/Documents/Repos/RNADiffusion/profiler/logs/diffusion_profiler_light_batch/batch_ga_sweep_sim90_bs1_ga4_pb4_60ts_fp32/profiler_traces/pc59_4122452.1772587674734157387.pt.trace.json,60,1,1,4,False,4,False,12,13,159.38655376434326,5.79871129989624,19.75,2332.799,3714.718,1762.704,19.93,13895.638,3174.794,1691.866,256.854,2234.326,0.003,3876.611,566.196,1762.704,281.607,True,694.5640068054199,2593257.0,NVIDIA RTX A5000,0.0,5.79871129989624,19.75,20565.724,1580.475,1554.112,3.26,3.69,3141.537,6.546389235587548,3.0,8.0,4.0,1314.413,563.956,744.7756666666667,14.729,484.57675,440.6765,4.983,491.02,924.42925,88.2671276119099,2300.121975554197,4663.27880859375,2260.668362272947,4623.8251953125,38404.208333333336,33905.964029947914,0.008136751383328134,0.00814056396484375,2.5445420104224442e-06,5.086263020833333e-06,0.0068817138671875,0.00687408447265625,2316.3920144190033,4674.06689453125,0.03465078117561769,136.36897786458334,63534.54150390625,68032.78580729167,0.008136733438958765,0.00814056396484375,0.0,0.0,0.00091552734375,0.00092315673828125,57.33425531154725,70.1630859375,18.334255311547256,31.1630859375,31.1630859375,10.3876953125,0.008420181274414063,0.008457183837890625,0.0002872467041015625,0.000324249267578125,0.001251220703125,0.00093841552734375
ok,,batch_ga_sweep_sim90_bs1_ga8_pb4_60ts_fp32,batch_ga_sweep_sim90_bs1_ga8_pb4_60ts_fp32,batch_ga_sweep_sim90_bs1_ga8_pb4_60ts_fp32,/home/gkulemeyer/Documents/Repos/RNADiffusion/profiler/logs/diffusion_profiler_light_batch/batch_ga_sweep_sim90_bs1_ga8_pb4_60ts_fp32,/home/gkulemeyer/Documents/Repos/RNADiffusion/profiler/logs/diffusion_profiler_light_batch/batch_ga_sweep_sim90_bs1_ga8_pb4_60ts_fp32/profiler_traces,/home/gkulemeyer/Documents/Repos/RNADiffusion/profiler/logs/diffusion_profiler_light_batch/batch_ga_sweep_sim90_bs1_ga8_pb4_60ts_fp32/profiler_traces/pc59_4122452.1772588021123046487.pt.trace.json,60,1,1,4,False,8,False,12,13,160.36589217185974,5.384748458862305,20.111328125,2378.709,3659.982,1760.808,35.628,14154.228,2872.555,1808.314,201.637,2266.066,0.003,3843.827,566.752,1760.808,281.938,True,693.1295385360718,2589521.0,NVIDIA RTX A5000,0.0,3.7816367149353027,20.111328125,20921.636,1430.919,1516.982,3.174,2.217,2953.292,7.084174541494711,3.0,8.0,4.0,1358.8456666666668,602.772,755.356,16.441,480.479125,440.20225,8.9075,500.2665,911.24725,82.1523627906326,1506.364899080577,3006.90087890625,1467.2490136639105,2967.7849934895835,10100.620442708334,7171.771647135417,0.008762361734890634,0.00876617431640625,2.5445420104224442e-06,5.086263020833333e-06,0.0068817138671875,0.00687408447265625,1521.4199202110924,3101.4104817708335,0.043791232975031846,133.44580078125,61785.553059895836,64714.40185546875,0.008762343790521265,0.00876617431640625,0.0,0.0,0.00091552734375,0.00092315673828125,57.28493890529725,70.11376953125,18.334255311547256,31.1630859375,31.1630859375,10.3876953125,0.009045791625976563,0.009082794189453125,0.0002872467041015625,0.000324249267578125,0.001251220703125,0.00093841552734375
ok,,batch_ga_sweep_sim90_bs4_ga1_pb4_60ts_fp32,batch_ga_sweep_sim90_bs4_ga1_pb4_60ts_fp32,batch_ga_sweep_sim90_bs4_ga1_pb4_60ts_fp32,/home/gkulemeyer/Documents/Repos/RNADiffusion/profiler/logs/diffusion_profiler_light_batch/batch_ga_sweep_sim90_bs4_ga1_pb4_60ts_fp32,/home/gkulemeyer/Documents/Repos/RNADiffusion/profiler/logs/diffusion_profiler_light_batch/batch_ga_sweep_sim90_bs4_ga1_pb4_60ts_fp32/profiler_traces,/home/gkulemeyer/Documents/Repos/RNADiffusion/profiler/logs/diffusion_profiler_light_batch/batch_ga_sweep_sim90_bs4_ga1_pb4_60ts_fp32/profiler_traces/pc59_4122452.1772585233693512702.pt.trace.json,60,4,1,4,False,1,False,12,13,149.4523766040802,20.921778202056885,22.287109375,2460.139,3594.59,1669.242,96.458,13867.752,11285.667,1648.47,787.344,2225.329,0.003,3836.843,2254.979,1669.242,1137.693,True,688.2152605056763,2574565.0,NVIDIA RTX A5000,0.0,20.921778202056885,22.287109375,20149.035,5630.404,1469.067,7.11,5.332,7111.913,2.833138566233867,3.0,8.0,4.0,1300.1046666666668,549.4906666666666,741.7766666666666,8.221666666666666,479.60575,417.31125,24.11525,513.059,888.01575,73.08257919654466,9784.303130571509,19670.46337890625,9731.046782915259,19617.20703125,62097.271809895836,42619.148111979164,0.007198335855984383,0.0072021484375,2.5445420104224442e-06,5.086263020833333e-06,0.0068817138671875,0.00687408447265625,9837.428868341056,19600.46142578125,0.03638424810560084,69.08138020833333,76806.42252604167,96273.76790364583,0.007198317911615015,0.0072021484375,0.0,0.0,0.00091552734375,0.00092315673828125,69.5071455792683,74.96402994791667,5.472477610518292,10.929361979166666,10.929361979166666,10.929361979166666,0.007201194763183594,0.007205963134765625,6.67572021484375e-06,1.1444091796875e-05,0.00093841552734375,0.00093841552734375
ok,,batch_ga_sweep_sim90_bs4_ga2_pb4_60ts_fp32,batch_ga_sweep_sim90_bs4_ga2_pb4_60ts_fp32,batch_ga_sweep_sim90_bs4_ga2_pb4_60ts_fp32,/home/gkulemeyer/Documents/Repos/RNADiffusion/profiler/logs/diffusion_profiler_light_batch/batch_ga_sweep_sim90_bs4_ga2_pb4_60ts_fp32,/home/gkulemeyer/Documents/Repos/RNADiffusion/profiler/logs/diffusion_profiler_light_batch/batch_ga_sweep_sim90_bs4_ga2_pb4_60ts_fp32/profiler_traces,/home/gkulemeyer/Documents/Repos/RNADiffusion/profiler/logs/diffusion_profiler_light_batch/batch_ga_sweep_sim90_bs4_ga2_pb4_60ts_fp32/profiler_traces/pc59_4122452.1772585564437427023.pt.trace.json,60,4,1,4,False,2,False,12,13,152.716623544693,22.328186988830566,23.162109375,2475.496,3630.344,1683.577,57.35,14153.003,11057.964,1755.653,730.815,2284.257,0.003,3936.557,2252.942,1683.577,1137.385,True,687.919810295105,2572136.0,NVIDIA RTX A5000,0.0,22.328186988830566,23.162109375,20949.161,5517.223,1570.616,7.189,4.599,7099.627,2.9507410741437545,3.0,8.0,4.0,1356.0566666666668,585.2183333333334,761.4196666666667,12.8475,492.069875,420.8945,14.33825,524.0595,895.74575,70.92443701526257,9263.75856966458,18628.26953125,9211.268498049996,18575.779459635418,54773.36474609375,36336.082194010414,0.007719677815619801,0.007723490397135417,2.5445420104224442e-06,5.086263020833333e-06,0.0068817138671875,0.00687408447265625,9303.514952725596,18562.47900390625,0.03603300901832799,72.70638020833333,81425.38655598958,99859.01318359375,0.007719659871250432,0.007723490397135417,0.0,0.0,0.00091552734375,0.00092315673828125,64.34547535966082,73.717041015625,11.972184344035824,21.34375,21.34375,10.9560546875,0.0078106880187988285,0.007831573486328125,0.00014696121215820312,0.0001678466796875,0.001094818115234375,0.00093841552734375
oom,"CUDA out of memory. Tried to allocate 16.00 MiB. GPU 0 has a total capacty of 23.68 GiB of which 7.75 MiB is free. Including non-PyTorch memory, this process has 23.59 GiB memory in use. Of the allocated memory 23.16 GiB is allocated by PyTorch, and 115.17 MiB is reserved by PyTorch but unallocated. If reserved but unallocated memory is large try setting max_split_size_mb to avoid fragmentation.  See documentation for Memory Management and PYTORCH_CUDA_ALLOC_CONF",batch_ga_sweep_sim90_bs4_ga8_pb4_60ts_fp32,batch_ga_sweep_sim90_bs4_ga8_pb4_60ts_fp32,batch_ga_sweep_sim90_bs4_ga8_pb4_60ts_fp32,/home/gkulemeyer/Documents/Repos/RNADiffusion/profiler/logs/diffusion_profiler_light_batch/batch_ga_sweep_sim90_bs4_ga8_pb4_60ts_fp32,/home/gkulemeyer/Documents/Repos/RNADiffusion/profiler/logs/diffusion_profiler_light_batch/batch_ga_sweep_sim90_bs4_ga8_pb4_60ts_fp32/profiler_traces,,60,4,1,4,False,8,False,12,13,1.5020720958709717,23.164875030517578,23.27734375,0.0,0.0,0.0,0.0,0.019,0.0,0.0,0.0,0.0,0.0,0.0,0.0,0.0,0.0,False,,,,,,,,,,,,,,,,,,,,,,,,,,,,,,,,,,,,,,,,,,,,,,,,,,,,,,,,,,,,,,
ok,,batch_ga_sweep_sim90_bs1_ga16_pb4_60ts_amp,batch_ga_sweep_sim90_bs1_ga16_pb4_60ts_amp,batch_ga_sweep_sim90_bs1_ga16_pb4_60ts_amp,/home/gkulemeyer/Documents/Repos/RNADiffusion/profiler/logs/diffusion_profiler_light_batch/batch_ga_sweep_sim90_bs1_ga16_pb4_60ts_amp,/home/gkulemeyer/Documents/Repos/RNADiffusion/profiler/logs/diffusion_profiler_light_batch/batch_ga_sweep_sim90_bs1_ga16_pb4_60ts_amp/profiler_traces,/home/gkulemeyer/Documents/Repos/RNADiffusion/profiler/logs/diffusion_profiler_light_batch/batch_ga_sweep_sim90_bs1_ga16_pb4_60ts_amp/profiler_traces/pc59_4122452.1772588531171082354.pt.trace.json,60,1,1,4,True,16,False,12,13,181.2619960308075,5.223578929901123,20.115234375,2785.09,3905.785,1697.269,20.43,15688.178,2952.187,2047.156,251.285,2566.36,0.006,4559.306,555.313,1697.269,281.462,True,814.8017911911011,3009237.0,NVIDIA RTX A5000,0.0,4.883164882659912,20.115234375,27841.612,1461.054,1731.648,12.536,2.523,3207.761,8.679453363264907,3.0,8.0,4.0,1538.619,682.3856666666667,855.454,18.589,569.914,424.31775,5.108,597.29125,972.453,62.81052166761191,2038.1148979479512,4160.088541666667,1998.077951333368,4120.051595052083,28741.163411458332,24756.1982421875,0.009700777262234384,0.00970458984375,2.5445420104224442e-06,5.086263020833333e-06,0.0068817138671875,0.00687408447265625,2042.2536532009592,4145.378743489583,0.020224510219306425,120.37662760416667,43575.858235677086,47560.823404947914,0.009700759317865015,0.00970458984375,0.0,0.0,0.00091552734375,0.00092315673828125,58.624603630514706,72.46484375,18.460052849264706,32.30029296875,32.302734375,10.775390625,0.009984207153320313,0.010021209716796875,0.0002872467041015625,0.000324249267578125,0.001251220703125,0.00093841552734375
ok,,batch_ga_sweep_sim90_bs1_ga1_pb4_60ts_amp,batch_ga_sweep_sim90_bs1_ga1_pb4_60ts_amp,batch_ga_sweep_sim90_bs1_ga1_pb4_60ts_amp,/home/gkulemeyer/Documents/Repos/RNADiffusion/profiler/logs/diffusion_profiler_light_batch/batch_ga_sweep_sim90_bs1_ga1_pb4_60ts_amp,/home/gkulemeyer/Documents/Repos/RNADiffusion/profiler/logs/diffusion_profiler_light_batch/batch_ga_sweep_sim90_bs1_ga1_pb4_60ts_amp/profiler_traces,/home/gkulemeyer/Documents/Repos/RNADiffusion/profiler/logs/diffusion_profiler_light_batch/batch_ga_sweep_sim90_bs1_ga1_pb4_60ts_amp/profiler_traces/pc59_4122452.1772584421565223395.pt.trace.json,60,1,1,4,True,1,False,12,13,168.38450050354004,2.240065574645996,11.138671875,2544.358,3668.74,1607.362,31.866,14447.051,2578.606,1810.835,173.522,2424.055,0.006,4251.902,555.711,1607.362,281.962,True,812.8787107467651,3007363.0,NVIDIA RTX A5000,0.0,2.240065574645996,11.138671875,25440.588,1276.725,1654.448,10.795,1.801,2943.769,8.642182182093771,3.0,8.0,4.0,1418.2706666666668,603.612,808.0186666666666,5.393333333333333,531.48825,401.841,7.9665,559.59875,913.682,63.274489087046746,994.5630882509914,2088.3527018229165,966.7642601259914,2060.5538736979165,31429.504069010418,29502.325358072918,0.005947115152859383,0.005950927734375,2.5445420104224442e-06,5.086263020833333e-06,0.0068817138671875,0.00687408447265625,1000.7862439042468,2085.3367513020835,0.034213957214193846,130.35921223958334,42782.96337890625,44699.108072916664,0.005947097208490015,0.005950927734375,0.0,0.0,0.00091552734375,0.00092315673828125,44.902256944444446,49.633463541666664,6.069411892361111,10.800618489583334,10.802083333333334,3.783203125,0.006230545043945312,0.006267547607421875,0.0002872467041015625,0.000324249267578125,0.001251220703125,0.00093841552734375
ok,,batch_ga_sweep_sim90_bs1_ga2_pb4_60ts_amp,batch_ga_sweep_sim90_bs1_ga2_pb4_60ts_amp,batch_ga_sweep_sim90_bs1_ga2_pb4_60ts_amp,/home/gkulemeyer/Documents/Repos/RNADiffusion/profiler/logs/diffusion_profiler_light_batch/batch_ga_sweep_sim90_bs1_ga2_pb4_60ts_amp,/home/gkulemeyer/Documents/Repos/RNADiffusion/profiler/logs/diffusion_profiler_light_batch/batch_ga_sweep_sim90_bs1_ga2_pb4_60ts_amp/profiler_traces,/home/gkulemeyer/Documents/Repos/RNADiffusion/profiler/logs/diffusion_profiler_light_batch/batch_ga_sweep_sim90_bs1_ga2_pb4_60ts_amp/profiler_traces/pc59_4122452.1772584742747996115.pt.trace.json,60,1,1,4,True,2,False,12,13,173.62428498268127,4.8366007804870605,11.20703125,2551.688,3677.446,1621.822,23.063,14608.752,2755.577,1822.475,210.072,2404.563,0.006,4191.527,555.622,1621.822,282.611,True,812.6704540252686,3006149.0,NVIDIA RTX A5000,0.0,4.8366007804870605,11.20703125,25469.916,1364.111,1670.488,11.472,2.219,3048.29,8.35547667708781,3.0,8.0,4.0,1410.637,607.4923333333334,801.522,0.626,523.941375,405.456,5.76625,544.006,915.5665,68.30080918225167,1475.812107110194,3042.17724609375,1440.4934222143604,3006.8585611979165,25915.439453125,23040.387532552082,0.006572725504421883,0.0065765380859375,2.5445420104224442e-06,5.086263020833333e-06,0.0068817138671875,0.00687408447265625,1480.926855244892,3033.9552408854165,0.02250467978138022,123.58463541666667,35424.86279296875,38296.290201822914,0.006572707560052515,0.0065765380859375,0.0,0.0,0.00091552734375,0.00092315673828125,39.079752604166664,39.080810546875,0.0008951822916666666,0.001953125,0.0029296875,0.0029296875,,,,,,
ok,,batch_ga_sweep_sim90_bs1_ga4_pb4_60ts_amp,batch_ga_sweep_sim90_bs1_ga4_pb4_60ts_amp,batch_ga_sweep_sim90_bs1_ga4_pb4_60ts_amp,/home/gkulemeyer/Documents/Repos/RNADiffusion/profiler/logs/diffusion_profiler_light_batch/batch_ga_sweep_sim90_bs1_ga4_pb4_60ts_amp,/home/gkulemeyer/Documents/Repos/RNADiffusion/profiler/logs/diffusion_profiler_light_batch/batch_ga_sweep_sim90_bs1_ga4_pb4_60ts_amp/profiler_traces,/home/gkulemeyer/Documents/Repos/RNADiffusion/profiler/logs/diffusion_profiler_light_batch/batch_ga_sweep_sim90_bs1_ga4_pb4_60ts_amp/profiler_traces/pc59_4122452.1772587847686171354.pt.trace.json,60,1,1,4,True,4,False,12,13,182.27140831947327,5.233730316162109,20.111328125,2795.072,3752.863,1651.871,22.773,15191.989,2952.289,1975.041,251.831,2491.404,0.006,4494.168,554.31,1651.871,281.807,True,814.3571510314941,3008749.0,NVIDIA RTX A5000,0.0,5.233730316162109,20.111328125,27148.644,1461.161,1709.995,12.479,2.525,3186.16,8.52080372611545,3.0,8.0,4.0,1494.5276666666668,658.3473333333334,830.4686666666666,14.279,561.7715,412.96825,5.69375,608.916,933.74075,53.344755270020826,2079.412634574421,4226.510904947917,2039.5581423869214,4186.656412760417,36520.484537760414,32468.671712239582,0.008449556559109384,0.008453369140625,2.5445420104224442e-06,5.086263020833333e-06,0.0068817138671875,0.00687408447265625,2082.957498983596,4211.136067708333,0.015688703871323612,119.46875,33613.1455078125,37664.958333333336,0.008449538614740015,0.008453369140625,0.0,0.0,0.00091552734375,0.00092315673828125,58.376683134191175,72.5498046875,18.256077665441175,32.42919921875,32.431640625,11.25,0.008732986450195313,0.008769989013671875,0.0002872467041015625,0.000324249267578125,0.001251220703125,0.00093841552734375
ok,,batch_ga_sweep_sim90_bs1_ga8_pb4_60ts_amp,batch_ga_sweep_sim90_bs1_ga8_pb4_60ts_amp,batch_ga_sweep_sim90_bs1_ga8_pb4_60ts_amp,/home/gkulemeyer/Documents/Repos/RNADiffusion/profiler/logs/diffusion_profiler_light_batch/batch_ga_sweep_sim90_bs1_ga8_pb4_60ts_amp,/home/gkulemeyer/Documents/Repos/RNADiffusion/profiler/logs/diffusion_profiler_light_batch/batch_ga_sweep_sim90_bs1_ga8_pb4_60ts_amp/profiler_traces,/home/gkulemeyer/Documents/Repos/RNADiffusion/profiler/logs/diffusion_profiler_light_batch/batch_ga_sweep_sim90_bs1_ga8_pb4_60ts_amp/profiler_traces/pc59_4122452.1772588193501771356.pt.trace.json,60,1,1,4,True,8,False,12,13,179.78599214553833,4.883164882659912,20.111328125,2895.073,3903.871,1697.501,30.314,15742.352,2760.641,2112.857,211.743,2517.254,0.006,4676.552,554.737,1697.501,281.224,True,814.2045488357544,3008869.0,NVIDIA RTX A5000,0.0,4.883164882659912,20.111328125,28179.457,1366.535,1781.071,11.577,2.223,3161.406,8.91358370294736,3.0,8.0,4.0,1544.1393333333333,704.2866666666666,839.0853333333333,17.393,584.569875,424.376,7.579,629.54425,972.0205,54.40066365469941,1530.630216229986,3144.1818033854165,1490.752286542486,3104.3038736979165,31290.764322916668,28319.912434895832,0.009075166910671884,0.0090789794921875,2.5445420104224442e-06,5.086263020833333e-06,0.0068817138671875,0.00687408447265625,1534.746829883604,3135.3880208333335,0.02172385947804106,124.658203125,35532.653971354164,38503.505859375,0.009075148966302515,0.0090789794921875,0.0,0.0,0.00091552734375,0.00092315673828125,58.80622127757353,72.662109375,19.17487362132353,33.03076171875,33.033203125,10.390625,0.009358596801757813,0.009395599365234375,0.0002872467041015625,0.000324249267578125,0.001251220703125,0.00093841552734375
ok,,batch_ga_sweep_sim90_bs4_ga1_pb4_60ts_amp,batch_ga_sweep_sim90_bs4_ga1_pb4_60ts_amp,batch_ga_sweep_sim90_bs4_ga1_pb4_60ts_amp,/home/gkulemeyer/Documents/Repos/RNADiffusion/profiler/logs/diffusion_profiler_light_batch/batch_ga_sweep_sim90_bs4_ga1_pb4_60ts_amp,/home/gkulemeyer/Documents/Repos/RNADiffusion/profiler/logs/diffusion_profiler_light_batch/batch_ga_sweep_sim90_bs4_ga1_pb4_60ts_amp/profiler_traces,/home/gkulemeyer/Documents/Repos/RNADiffusion/profiler/logs/diffusion_profiler_light_batch/batch_ga_sweep_sim90_bs4_ga1_pb4_60ts_amp/profiler_traces/pc59_4122452.1772585399681885112.pt.trace.json,60,4,1,4,True,1,False,12,13,176.92281460762024,18.851412773132324,22.287109375,2570.644,3920.678,1680.604,98.342,15572.15,9112.706,2157.127,534.494,2621.558,0.006,4303.869,2020.716,1680.604,1137.395,True,816.5308933258057,3028619.0,NVIDIA RTX A5000,0.0,16.519341468811035,22.287109375,27849.074,4544.458,1753.256,6.834,5.084,6309.632,4.413739818740617,3.0,8.0,4.0,1598.546,719.043,873.8536666666666,4.767333333333333,537.984,420.1515,24.58575,550.16525,970.938,76.48115725229829,6490.461269372899,13096.770182291666,6460.014166508315,13066.323079427084,50896.87158203125,37975.487955729164,0.007198335855984383,0.0072021484375,2.5445420104224442e-06,5.086263020833333e-06,0.0068817138671875,0.00687408447265625,6504.179528539775,13061.330078125,0.016426915932688205,109.49934895833333,59478.02685546875,72388.13899739583,0.007198317911615015,0.0072021484375,0.0,0.0,0.00091552734375,0.00092315673828125,47.99542866625817,52.568684895833336,6.276841426674836,10.85009765625,10.8515625,3.4654947916666665,0.007481765747070312,0.007518768310546875,0.0002872467041015625,0.000324249267578125,0.001251220703125,0.00093841552734375
ok,,batch_ga_sweep_sim90_bs4_ga2_pb4_60ts_amp,batch_ga_sweep_sim90_bs4_ga2_pb4_60ts_amp,batch_ga_sweep_sim90_bs4_ga2_pb4_60ts_amp,/home/gkulemeyer/Documents/Repos/RNADiffusion/profiler/logs/diffusion_profiler_light_batch/batch_ga_sweep_sim90_bs4_ga2_pb4_60ts_amp,/home/gkulemeyer/Documents/Repos/RNADiffusion/profiler/logs/diffusion_profiler_light_batch/batch_ga_sweep_sim90_bs4_ga2_pb4_60ts_amp/profiler_traces,/home/gkulemeyer/Documents/Repos/RNADiffusion/profiler/logs/diffusion_profiler_light_batch/batch_ga_sweep_sim90_bs4_ga2_pb4_60ts_amp/profiler_traces/pc59_4122452.1772585730772248477.pt.trace.json,60,4,1,4,True,2,False,12,13,177.68203926086426,18.851412773132324,23.09765625,2715.736,4058.222,1769.459,88.702,15692.625,9374.511,1876.866,590.434,2577.135,0.006,4449.291,2019.545,1769.459,1134.213,True,812.1390714645386,3005335.0,NVIDIA RTX A5000,0.0,18.851412773132324,23.09765625,27140.356,4675.021,1763.601,6.904,5.372,6450.898,4.207221382201362,3.0,8.0,4.0,1486.8426666666667,625.623,859.0456666666666,1.298,556.16175,442.3655,22.17575,571.6785,1005.64425,75.91080476176732,7287.923326350145,14686.77294921875,7249.343248225145,14648.19287109375,54884.511393229164,40383.336100260414,0.007823946207546884,0.0078277587890625,2.5445420104224442e-06,5.086263020833333e-06,0.0068817138671875,0.00687408447265625,7295.351437220904,14674.735677083334,0.018442097404518545,134.98030598958334,69141.04524739583,83638.43863932292,0.007823928263177515,0.0078277587890625,0.0,0.0,0.00091552734375,0.00092315673828125,41.896402994791664,41.8974609375,0.0008951822916666666,0.001953125,0.0029296875,0.0029296875,,,,,,
ok,,batch_ga_sweep_sim90_bs4_ga8_pb4_60ts_amp,batch_ga_sweep_sim90_bs4_ga8_pb4_60ts_amp,batch_ga_sweep_sim90_bs4_ga8_pb4_60ts_amp,/home/gkulemeyer/Documents/Repos/RNADiffusion/profiler/logs/diffusion_profiler_light_batch/batch_ga_sweep_sim90_bs4_ga8_pb4_60ts_amp,/home/gkulemeyer/Documents/Repos/RNADiffusion/profiler/logs/diffusion_profiler_light_batch/batch_ga_sweep_sim90_bs4_ga8_pb4_60ts_amp/profiler_traces,/home/gkulemeyer/Documents/Repos/RNADiffusion/profiler/logs/diffusion_profiler_light_batch/batch_ga_sweep_sim90_bs4_ga8_pb4_60ts_amp/profiler_traces/pc59_4122452.1772585916595323126.pt.trace.json,60,4,1,4,True,8,False,12,13,184.5923194885254,18.900131225585938,23.28125,2734.14,4027.143,1768.39,110.782,15706.03,9587.537,2014.451,636.077,2541.557,0.006,4445.907,2013.88,1768.39,1134.513,True,813.7238731384277,3011275.0,NVIDIA RTX A5000,0.0,18.900131225585938,19.310546875,27437.158,4781.014,1758.301,7.053,5.705,6552.073,4.187553771149986,3.0,8.0,4.0,1519.0693333333334,671.484,847.186,16.966,555.739,442.09775,27.696,586.6465,995.0765,69.62114322679842,7862.0796226428765,15815.394205729166,7819.6374025907935,15772.951985677084,57522.814127604164,41898.326985677086,0.007823946207546884,0.0078277587890625,2.5445420104224442e-06,5.086263020833333e-06,0.0068817138671875,0.00687408447265625,7863.553510754437,15765.450032552084,0.018805017149805283,98.52067057291667,69941.67724609375,85566.16438802083,0.007823928263177515,0.0078277587890625,0.0,0.0,0.00091552734375,0.00092315673828125,59.86905732996323,73.6181640625,17.983803423713237,31.73291015625,31.7353515625,10.7880859375,0.008107376098632813,0.008144378662109375,0.0002872467041015625,0.000324249267578125,0.001251220703125,0.00093841552734375
ok,,batch_ga_sweep_sim90_bs1_ga16_pb4_70ts_fp32,batch_ga_sweep_sim90_bs1_ga16_pb4_70ts_fp32,batch_ga_sweep_sim90_bs1_ga16_pb4_70ts_fp32,/home/gkulemeyer/Documents/Repos/RNADiffusion/profiler/logs/diffusion_profiler_light_batch/batch_ga_sweep_sim90_bs1_ga16_pb4_70ts_fp32,/home/gkulemeyer/Documents/Repos/RNADiffusion/profiler/logs/diffusion_profiler_light_batch/batch_ga_sweep_sim90_bs1_ga16_pb4_70ts_fp32/profiler_traces,/home/gkulemeyer/Documents/Repos/RNADiffusion/profiler/logs/diffusion_profiler_light_batch/batch_ga_sweep_sim90_bs1_ga16_pb4_70ts_fp32/profiler_traces/pc59_4122452.1772589519861232643.pt.trace.json,70,1,1,4,False,16,False,12,13,188.75018453598022,5.827503681182861,20.126953125,2925.978,4280.939,2049.077,20.739,16842.798,3309.904,2136.7,233.411,2774.283,0.003,4644.085,660.978,2049.077,328.822,True,811.4528217315674,3020391.0,NVIDIA RTX A5000,0.0,4.7485857009887695,20.126953125,25352.714,1648.941,1736.657,3.663,2.356,3391.617,7.475111134305554,3.0,8.0,4.0,1637.767,712.2333333333333,924.7613333333334,20.373,580.511,512.27,5.185,613.74725,1065.1685,73.55165338826365,1664.6674316509325,3396.3411458333335,1626.0725423280157,3357.7462565104165,20285.70361328125,17034.955729166668,0.010951997663540552,0.010955810546875,2.5443407978681245e-06,5.086263020833333e-06,0.008026123046875,0.00801849365234375,1679.690969974604,3422.5263671875,0.038815745073599785,133.18359375,71711.70849609375,74962.45638020833,0.010951982274174266,0.010955810546875,0.0,0.0,0.001068115234375,0.00107574462890625,56.79470453029725,69.62353515625,18.334255311547256,31.1630859375,31.1630859375,10.3876953125,0.011235427856445313,0.011272430419921875,0.0002872467041015625,0.000324249267578125,0.001251220703125,0.00093841552734375
ok,,batch_ga_sweep_sim90_bs1_ga4_pb4_70ts_fp32,batch_ga_sweep_sim90_bs1_ga4_pb4_70ts_fp32,batch_ga_sweep_sim90_bs1_ga4_pb4_70ts_fp32,/home/gkulemeyer/Documents/Repos/RNADiffusion/profiler/logs/diffusion_profiler_light_batch/batch_ga_sweep_sim90_bs1_ga4_pb4_70ts_fp32,/home/gkulemeyer/Documents/Repos/RNADiffusion/profiler/logs/diffusion_profiler_light_batch/batch_ga_sweep_sim90_bs1_ga4_pb4_70ts_fp32/profiler_traces,/home/gkulemeyer/Documents/Repos/RNADiffusion/profiler/logs/diffusion_profiler_light_batch/batch_ga_sweep_sim90_bs1_ga4_pb4_70ts_fp32/profiler_traces/pc59_4122452.1772588714877990815.pt.trace.json,70,1,1,4,False,4,False,12,13,181.22244262695312,6.7233171463012695,20.115234375,2870.974,4277.605,2045.553,31.046,16937.533,3682.283,2379.55,295.395,2768.256,0.003,4660.808,660.303,2045.553,328.284,True,812.1001329421997,3036011.0,NVIDIA RTX A5000,0.0,6.7233171463012695,20.115234375,26585.048,1833.794,1754.138,3.629,3.74,3595.301,7.394387284958895,3.0,8.0,4.0,1721.611,793.1836666666667,922.7526666666666,14.619,582.6015,511.3885,7.76175,619.311,1065.48375,72.04340791621658,2599.563781424369,5214.403483072917,2559.5663855910357,5174.406087239583,35805.4111328125,30719.35791015625,0.010013582136196802,0.01001739501953125,2.5443407978681245e-06,5.086263020833333e-06,0.008026123046875,0.00801849365234375,2615.7685717171403,5262.10400390625,0.03407876583030884,136.05338541666666,79600.828125,84686.88134765625,0.010013566746830516,0.01001739501953125,0.0,0.0,0.001068115234375,0.00107574462890625,59.56065108136433,73.18505859375,19.26524092511433,32.8896484375,32.8896484375,11.2587890625,0.010297012329101563,0.010334014892578125,0.0002872467041015625,0.000324249267578125,0.001251220703125,0.00093841552734375
ok,,batch_ga_sweep_sim90_bs1_ga8_pb4_70ts_fp32,batch_ga_sweep_sim90_bs1_ga8_pb4_70ts_fp32,batch_ga_sweep_sim90_bs1_ga8_pb4_70ts_fp32,/home/gkulemeyer/Documents/Repos/RNADiffusion/profiler/logs/diffusion_profiler_light_batch/batch_ga_sweep_sim90_bs1_ga8_pb4_70ts_fp32,/home/gkulemeyer/Documents/Repos/RNADiffusion/profiler/logs/diffusion_profiler_light_batch/batch_ga_sweep_sim90_bs1_ga8_pb4_70ts_fp32/profiler_traces,/home/gkulemeyer/Documents/Repos/RNADiffusion/profiler/logs/diffusion_profiler_light_batch/batch_ga_sweep_sim90_bs1_ga8_pb4_70ts_fp32/profiler_traces/pc59_4122452.1772589114495111428.pt.trace.json,70,1,1,4,False,8,False,12,13,184.4920744895935,6.7233171463012695,20.126953125,2836.327,4285.504,2034.788,20.675,16655.974,3752.779,2077.383,306.066,2773.714,0.003,4594.951,660.523,2034.788,328.663,True,812.0897922515869,3022095.0,NVIDIA RTX A5000,0.0,6.7233171463012695,20.126953125,24971.539,1868.18,1758.035,3.756,4.465,3634.436,6.870815444267006,3.0,8.0,4.0,1617.693,692.4616666666666,924.5716666666666,17.212,574.36925,508.6975,5.1695,596.467,1066.608,78.82095740418163,2778.0415154462576,5572.78271484375,2738.5519321129245,5533.293131510417,36421.60595703125,30976.900065104168,0.010326387311978052,0.0103302001953125,2.5443407978681245e-06,5.086263020833333e-06,0.008026123046875,0.00801849365234375,2794.3923626363303,5620.82861328125,0.031424178564239715,136.63313802083334,80472.78662109375,85917.49251302083,0.010326371922611766,0.0103302001953125,0.0,0.0,0.001068115234375,0.00107574462890625,58.05398187404725,70.8828125,18.334255311547256,31.1630859375,31.1630859375,10.3876953125,0.010609817504882813,0.010646820068359375,0.0002872467041015625,0.000324249267578125,0.001251220703125,0.00093841552734375
ok,,batch_ga_sweep_sim90_bs1_ga16_pb4_70ts_amp,batch_ga_sweep_sim90_bs1_ga16_pb4_70ts_amp,batch_ga_sweep_sim90_bs1_ga16_pb4_70ts_amp,/home/gkulemeyer/Documents/Repos/RNADiffusion/profiler/logs/diffusion_profiler_light_batch/batch_ga_sweep_sim90_bs1_ga16_pb4_70ts_amp,/home/gkulemeyer/Documents/Repos/RNADiffusion/profiler/logs/diffusion_profiler_light_batch/batch_ga_sweep_sim90_bs1_ga16_pb4_70ts_amp/profiler_traces,/home/gkulemeyer/Documents/Repos/RNADiffusion/profiler/logs/diffusion_profiler_light_batch/batch_ga_sweep_sim90_bs1_ga16_pb4_70ts_amp/profiler_traces/pc59_4122452.1772589725730914395.pt.trace.json,70,1,1,4,True,16,False,12,13,217.04366254806519,4.988232612609863,20.318359375,3378.425,4709.854,2073.238,33.638,19110.867,3230.089,2583.179,247.673,3147.267,0.006,5498.691,646.764,2073.238,328.436,True,951.8305702209473,3506431.0,NVIDIA RTX A5000,0.0,4.6262078285217285,20.318359375,34152.913,1599.23,2109.08,13.591,2.24,3724.141,9.170682044530537,3.0,8.0,4.0,1910.92,861.06,1049.0893333333333,17.281,687.337,518.30975,8.40975,728.50875,1173.331,61.0592872082868,1832.1665080158002,3741.8951822916665,1793.624678588717,3703.3533528645835,27852.115397135418,24284.504720052082,0.011264802839321802,0.01126861572265625,2.5443407978681245e-06,5.086263020833333e-06,0.008026123046875,0.00801849365234375,1836.824974484675,3739.2980143229165,0.026119722250751584,133.1455078125,62387.416829427086,65955.02750651042,0.011264787449955516,0.01126861572265625,0.0,0.0,0.001068115234375,0.00107574462890625,56.54600758272059,70.1025390625,17.794542738970588,31.35107421875,31.353515625,10.578125,0.011548233032226563,0.011585235595703125,0.0002872467041015625,0.000324249267578125,0.001251220703125,0.00093841552734375
ok,,batch_ga_sweep_sim90_bs1_ga4_pb4_70ts_amp,batch_ga_sweep_sim90_bs1_ga4_pb4_70ts_amp,batch_ga_sweep_sim90_bs1_ga4_pb4_70ts_amp,/home/gkulemeyer/Documents/Repos/RNADiffusion/profiler/logs/diffusion_profiler_light_batch/batch_ga_sweep_sim90_bs1_ga4_pb4_70ts_amp,/home/gkulemeyer/Documents/Repos/RNADiffusion/profiler/logs/diffusion_profiler_light_batch/batch_ga_sweep_sim90_bs1_ga4_pb4_70ts_amp/profiler_traces,/home/gkulemeyer/Documents/Repos/RNADiffusion/profiler/logs/diffusion_profiler_light_batch/batch_ga_sweep_sim90_bs1_ga4_pb4_70ts_amp/profiler_traces/pc59_4122452.1772588915420549373.pt.trace.json,70,1,1,4,True,4,False,12,13,213.19625067710876,6.350093841552734,20.115234375,3416.54,4724.047,2085.995,21.818,18967.097,3406.296,2495.604,286.204,3073.094,0.006,5510.0,647.377,2085.995,328.718,True,949.8472537994385,3506668.0,NVIDIA RTX A5000,0.0,5.659579753875732,20.115234375,33749.214,1686.037,2091.974,14.043,3.091,3795.145,8.892733742716024,3.0,8.0,4.0,1857.276,831.8686666666666,1024.365,0.714,688.750375,521.49925,5.45525,728.24625,1176.74975,61.58679155574093,2299.0010781113983,4674.1796875,2259.4797564968153,4634.658365885417,35973.672200520836,31472.070963541668,0.010326387311978052,0.0103302001953125,2.5443407978681245e-06,5.086263020833333e-06,0.008026123046875,0.00801849365234375,2303.042177119961,4659.852376302083,0.01387861699373187,118.72981770833333,38668.85791015625,43170.459147135414,0.010326371922611766,0.0103302001953125,0.0,0.0,0.001068115234375,0.00107574462890625,39.752360026041664,39.75341796875,0.0008951822916666666,0.001953125,0.0029296875,0.0029296875,,,,,,
ok,,batch_ga_sweep_sim90_bs1_ga8_pb4_70ts_amp,batch_ga_sweep_sim90_bs1_ga8_pb4_70ts_amp,batch_ga_sweep_sim90_bs1_ga8_pb4_70ts_amp,/home/gkulemeyer/Documents/Repos/RNADiffusion/profiler/logs/diffusion_profiler_light_batch/batch_ga_sweep_sim90_bs1_ga8_pb4_70ts_amp,/home/gkulemeyer/Documents/Repos/RNADiffusion/profiler/logs/diffusion_profiler_light_batch/batch_ga_sweep_sim90_bs1_ga8_pb4_70ts_amp/profiler_traces,/home/gkulemeyer/Documents/Repos/RNADiffusion/profiler/logs/diffusion_profiler_light_batch/batch_ga_sweep_sim90_bs1_ga8_pb4_70ts_amp/profiler_traces/pc59_4122452.1772589317007018437.pt.trace.json,70,1,1,4,True,8,False,12,13,214.39797019958496,5.2676873207092285,20.126953125,3304.713,4580.54,2028.386,22.062,18677.77,3094.907,2418.918,222.401,3114.325,0.006,5347.645,647.792,2028.386,328.685,True,951.1339540481567,3503939.0,NVIDIA RTX A5000,0.0,3.424922466278076,20.126953125,33176.727,1532.353,2057.567,13.028,2.102,3605.05,9.202847949404308,3.0,8.0,4.0,1845.1133333333332,806.3066666666666,1038.1083333333333,18.527,668.455875,507.09675,5.5155,709.17125,1140.775,60.8602999628087,1395.0245276865564,2871.83642578125,1356.140901384473,2832.9527994791665,34604.556966145836,31904.1953125,0.010639192487759302,0.01064300537109375,2.5443407978681245e-06,5.086263020833333e-06,0.008026123046875,0.00801849365234375,1399.255382936024,2868.82666015625,0.020747685095063025,129.58138020833334,42168.100423177086,44868.462076822914,0.010639177098393016,0.01064300537109375,0.0,0.0,0.001068115234375,0.00107574462890625,57.82367302389706,71.56298828125,18.978946461397058,32.71826171875,32.720703125,10.390625,0.010922622680664063,0.010959625244140625,0.0002872467041015625,0.000324249267578125,0.001251220703125,0.00093841552734375
ok,,batch_ga_sweep_sim90_bs1_ga16_pb4_80ts_fp32,batch_ga_sweep_sim90_bs1_ga16_pb4_80ts_fp32,batch_ga_sweep_sim90_bs1_ga16_pb4_80ts_fp32,/home/gkulemeyer/Documents/Repos/RNADiffusion/profiler/logs/diffusion_profiler_light_batch/batch_ga_sweep_sim90_bs1_ga16_pb4_80ts_fp32,/home/gkulemeyer/Documents/Repos/RNADiffusion/profiler/logs/diffusion_profiler_light_batch/batch_ga_sweep_sim90_bs1_ga16_pb4_80ts_fp32/profiler_traces,/home/gkulemeyer/Documents/Repos/RNADiffusion/profiler/logs/diffusion_profiler_light_batch/batch_ga_sweep_sim90_bs1_ga16_pb4_80ts_fp32/profiler_traces/pc59_4122452.1772590848042267188.pt.trace.json,80,1,1,4,False,16,False,12,13,207.64366793632507,7.109315872192383,20.318359375,3350.402,5082.758,2423.824,10.854,19623.525,3739.406,2384.767,258.474,3212.309,0.003,5466.372,755.058,2423.824,375.536,True,926.1891164779663,3448461.0,NVIDIA RTX A5000,0.0,5.808769226074219,20.318359375,29543.176,1863.275,1998.166,3.991,2.471,3867.903,7.638034356083904,3.0,8.0,4.0,1866.2916666666667,794.9223333333334,1070.7696666666668,19.229,683.296875,605.9565,2.71425,709.19475,1266.54,78.58846247804287,1824.3361661084098,3721.0709635416665,1785.274968191743,3682.009765625,36615.549967447914,33055.294921875,0.012516023315988478,0.01251983642578125,2.5441898256519625e-06,5.086263020833333e-06,0.0091705322265625,0.00916290283203125,1838.573732342081,3732.4482421875,0.036279805581831144,133.13199869791666,74988.61328125,78548.86832682292,0.01251600984472352,0.01251983642578125,0.0,0.0,0.001220703125,0.00122833251953125,57.75661859279725,70.58544921875,18.334255311547256,31.1630859375,31.1630859375,10.3876953125,0.012799453735351563,0.012836456298828125,0.0002872467041015625,0.000324249267578125,0.001251220703125,0.00093841552734375
ok,,batch_ga_sweep_sim90_bs1_ga4_pb4_80ts_fp32,batch_ga_sweep_sim90_bs1_ga4_pb4_80ts_fp32,batch_ga_sweep_sim90_bs1_ga4_pb4_80ts_fp32,/home/gkulemeyer/Documents/Repos/RNADiffusion/profiler/logs/diffusion_profiler_light_batch/batch_ga_sweep_sim90_bs1_ga4_pb4_80ts_fp32,/home/gkulemeyer/Documents/Repos/RNADiffusion/profiler/logs/diffusion_profiler_light_batch/batch_ga_sweep_sim90_bs1_ga4_pb4_80ts_fp32/profiler_traces,/home/gkulemeyer/Documents/Repos/RNADiffusion/profiler/logs/diffusion_profiler_light_batch/batch_ga_sweep_sim90_bs1_ga4_pb4_80ts_fp32/profiler_traces/pc59_4122452.1772589936167381773.pt.trace.json,80,1,1,4,False,4,False,12,13,205.70212388038635,7.638260364532471,20.318359375,3339.767,5178.665,2502.289,21.111,19570.772,3696.017,2368.089,239.567,3201.906,0.003,5479.675,753.823,2502.289,375.04,True,926.7931327819824,3450541.0,NVIDIA RTX A5000,0.0,3.5918097496032715,20.318359375,29427.999,1841.401,2037.668,3.901,2.718,3885.688,7.5734333276372165,3.0,8.0,4.0,1863.6206666666667,789.3636666666666,1067.3026666666667,18.678,684.95975,625.57275,5.27775,710.942,1290.26325,81.48642927271142,1639.4274594223295,3307.5283203125,1598.935922963996,3267.0367838541665,22252.303059895832,19060.426432291668,0.011577607788644728,0.0115814208984375,2.5441898256519625e-06,5.086263020833333e-06,0.0091705322265625,0.00916290283203125,1653.6155655276125,3364.8380533854165,0.035479374589364225,132.46988932291666,77019.11865234375,80210.99527994792,0.01157759431737977,0.0115814208984375,0.0,0.0,0.001220703125,0.00122833251953125,59.6933623523247,73.1572265625,19.203127977324694,32.6669921875,32.6669921875,11.1396484375,0.011861038208007813,0.011898040771484375,0.0002872467041015625,0.000324249267578125,0.001251220703125,0.00093841552734375
ok,,batch_ga_sweep_sim90_bs1_ga8_pb4_80ts_fp32,batch_ga_sweep_sim90_bs1_ga8_pb4_80ts_fp32,batch_ga_sweep_sim90_bs1_ga8_pb4_80ts_fp32,/home/gkulemeyer/Documents/Repos/RNADiffusion/profiler/logs/diffusion_profiler_light_batch/batch_ga_sweep_sim90_bs1_ga8_pb4_80ts_fp32,/home/gkulemeyer/Documents/Repos/RNADiffusion/profiler/logs/diffusion_profiler_light_batch/batch_ga_sweep_sim90_bs1_ga8_pb4_80ts_fp32/profiler_traces,/home/gkulemeyer/Documents/Repos/RNADiffusion/profiler/logs/diffusion_profiler_light_batch/batch_ga_sweep_sim90_bs1_ga8_pb4_80ts_fp32/profiler_traces/pc59_4122452.1772590394973287200.pt.trace.json,80,1,1,4,False,8,False,12,13,210.37891602516174,7.109315872192383,20.318359375,3282.847,5004.757,2401.58,16.752,19358.863,3603.155,2343.2,229.181,3213.901,0.003,5386.353,755.0,2401.58,375.63,True,927.5211458206177,3453101.0,NVIDIA RTX A5000,0.0,3.268864631652832,20.318359375,29299.849,1795.187,1984.709,3.996,2.401,3786.293,7.73839980160014,3.0,8.0,4.0,1853.524,781.0676666666666,1071.3013333333333,18.066,673.29475,600.3955,4.188,704.567,1247.06825,76.99782277625833,1488.9223226945157,3048.0799153645835,1449.9711508195157,3009.1287434895835,28487.154459635418,25591.301920572918,0.011890412964425978,0.01189422607421875,2.5441898256519625e-06,5.086263020833333e-06,0.0091705322265625,0.00916290283203125,1502.958973913476,3066.8899739583335,0.03939562487010919,132.08626302083334,76383.4306640625,79279.283203125,0.01189039949316102,0.01189422607421875,0.0,0.0,0.001220703125,0.00122833251953125,57.23708734279725,70.06591796875,18.334255311547256,31.1630859375,31.1630859375,10.3876953125,0.012173843383789063,0.012210845947265625,0.0002872467041015625,0.000324249267578125,0.001251220703125,0.00093841552734375
ok,,batch_ga_sweep_sim90_bs1_ga16_pb4_80ts_amp,batch_ga_sweep_sim90_bs1_ga16_pb4_80ts_amp,batch_ga_sweep_sim90_bs1_ga16_pb4_80ts_amp,/home/gkulemeyer/Documents/Repos/RNADiffusion/profiler/logs/diffusion_profiler_light_batch/batch_ga_sweep_sim90_bs1_ga16_pb4_80ts_amp,/home/gkulemeyer/Documents/Repos/RNADiffusion/profiler/logs/diffusion_profiler_light_batch/batch_ga_sweep_sim90_bs1_ga16_pb4_80ts_amp/profiler_traces,/home/gkulemeyer/Documents/Repos/RNADiffusion/profiler/logs/diffusion_profiler_light_batch/batch_ga_sweep_sim90_bs1_ga16_pb4_80ts_amp/profiler_traces/pc59_4122452.1772591076109734547.pt.trace.json,80,1,1,4,True,16,False,12,13,243.491708278656,6.894477844238281,20.318359375,3738.042,5402.864,2348.952,22.625,21647.344,3928.615,2798.875,335.511,3606.927,0.006,6266.669,738.513,2348.952,375.067,True,1088.216519355774,4007329.0,NVIDIA RTX A5000,0.0,6.894477844238281,20.318359375,38613.727,1944.599,2359.193,16.507,3.206,4323.505,8.931116536236225,3.0,8.0,4.0,2135.8086666666663,932.959,1202.3096666666668,21.212,783.334375,587.23825,5.65675,813.6635,1346.369,65.47000080500108,2749.2439927225237,5551.220540364583,2710.0753729308567,5512.051920572917,48764.88427734375,43387.345377604164,0.012828828491769728,0.0128326416015625,2.5441898256519625e-06,5.086263020833333e-06,0.0091705322265625,0.00916290283203125,2752.6976498267045,5535.6142578125,0.01658746374383814,118.90673828125,51814.481282552086,57192.020182291664,0.01282881502050477,0.0128326416015625,0.0,0.0,0.001220703125,0.00122833251953125,58.49739774816177,72.5498046875,19.056479779411763,33.10888671875,33.111328125,10.625,0.013112258911132813,0.013149261474609375,0.0002872467041015625,0.000324249267578125,0.001251220703125,0.00093841552734375
ok,,batch_ga_sweep_sim90_bs1_ga4_pb4_80ts_amp,batch_ga_sweep_sim90_bs1_ga4_pb4_80ts_amp,batch_ga_sweep_sim90_bs1_ga4_pb4_80ts_amp,/home/gkulemeyer/Documents/Repos/RNADiffusion/profiler/logs/diffusion_profiler_light_batch/batch_ga_sweep_sim90_bs1_ga4_pb4_80ts_amp,/home/gkulemeyer/Documents/Repos/RNADiffusion/profiler/logs/diffusion_profiler_light_batch/batch_ga_sweep_sim90_bs1_ga4_pb4_80ts_amp/profiler_traces,/home/gkulemeyer/Documents/Repos/RNADiffusion/profiler/logs/diffusion_profiler_light_batch/batch_ga_sweep_sim90_bs1_ga4_pb4_80ts_amp/profiler_traces/pc59_4122452.1772590165183174637.pt.trace.json,80,1,1,4,True,4,False,12,13,245.77919507026672,6.435994625091553,20.318359375,3775.468,5119.653,2264.01,41.13,21718.053,3996.41,3117.054,351.186,3688.948,0.006,6039.906,739.457,2264.01,375.612,True,1091.2822160720825,4023628.0,NVIDIA RTX A5000,0.0,6.435994625091553,20.318359375,40179.4,1977.642,2304.205,16.645,3.928,4302.42,9.338790727079179,3.0,8.0,4.0,2270.4253333333336,1039.0186666666666,1229.6496666666667,1.952,754.98875,566.003,10.2835,810.36575,1276.361,57.50431209611215,2929.8490799699007,5931.122884114583,2889.644652886567,5890.91845703125,45942.894368489586,40185.645345052086,0.011890412964425978,0.01189422607421875,2.5441898256519625e-06,5.086263020833333e-06,0.0091705322265625,0.00916290283203125,2933.684703169823,5917.928873697917,0.010301433693074801,120.47542317708333,45924.439290364586,51681.688313802086,0.01189039949316102,0.01189422607421875,0.0,0.0,0.001220703125,0.00122833251953125,40.322672526041664,40.32373046875,0.0008951822916666666,0.001953125,0.0029296875,0.0029296875,,,,,,
ok,,batch_ga_sweep_sim90_bs1_ga8_pb4_80ts_amp,batch_ga_sweep_sim90_bs1_ga8_pb4_80ts_amp,batch_ga_sweep_sim90_bs1_ga8_pb4_80ts_amp,/home/gkulemeyer/Documents/Repos/RNADiffusion/profiler/logs/diffusion_profiler_light_batch/batch_ga_sweep_sim90_bs1_ga8_pb4_80ts_amp,/home/gkulemeyer/Documents/Repos/RNADiffusion/profiler/logs/diffusion_profiler_light_batch/batch_ga_sweep_sim90_bs1_ga8_pb4_80ts_amp/profiler_traces,/home/gkulemeyer/Documents/Repos/RNADiffusion/profiler/logs/diffusion_profiler_light_batch/batch_ga_sweep_sim90_bs1_ga8_pb4_80ts_amp/profiler_traces/pc59_4122452.1772590623552441611.pt.trace.json,80,1,1,4,True,8,False,12,13,242.02023601531982,6.435994625091553,20.318359375,3766.014,5198.371,2314.975,21.856,21421.432,3828.422,2766.972,313.668,3678.593,0.006,6075.37,739.224,2314.975,375.563,True,1087.7164840698242,4006369.0,NVIDIA RTX A5000,0.0,6.435994625091553,20.318359375,38042.426,1895.181,2335.256,15.931,3.119,4249.487,8.952239646809133,3.0,8.0,4.0,2149.2166666666667,922.3246666666666,1226.1983333333333,21.021,759.421625,578.7445,5.4645,809.67825,1294.75025,59.90922937598978,2462.956066822035,5000.74462890625,2423.958019947035,4961.74658203125,43761.04248046875,38933.601399739586,0.012203218140207228,0.01220703125,2.5441898256519625e-06,5.086263020833333e-06,0.0091705322265625,0.00916290283203125,2466.993465163457,4993.153971354167,0.014955489654052799,126.71484375,53274.385904947914,58101.826985677086,0.01220320466894227,0.01220703125,0.0,0.0,0.001220703125,0.00122833251953125,57.07737821691177,70.6689453125,18.011460248161764,31.60302734375,31.60546875,10.53125,0.012486648559570313,0.012523651123046875,0.0002872467041015625,0.000324249267578125,0.001251220703125,0.00093841552734375
ok,,batch_ga_sweep_sim90_bs1_ga16_pb4_90ts_fp32,batch_ga_sweep_sim90_bs1_ga16_pb4_90ts_fp32,batch_ga_sweep_sim90_bs1_ga16_pb4_90ts_fp32,/home/gkulemeyer/Documents/Repos/RNADiffusion/profiler/logs/diffusion_profiler_light_batch/batch_ga_sweep_sim90_bs1_ga16_pb4_90ts_fp32,/home/gkulemeyer/Documents/Repos/RNADiffusion/profiler/logs/diffusion_profiler_light_batch/batch_ga_sweep_sim90_bs1_ga16_pb4_90ts_fp32/profiler_traces,/home/gkulemeyer/Documents/Repos/RNADiffusion/profiler/logs/diffusion_profiler_light_batch/batch_ga_sweep_sim90_bs1_ga16_pb4_90ts_fp32/profiler_traces/pc59_4122452.1772592354235685338.pt.trace.json,90,1,1,4,False,16,False,12,13,237.8234601020813,7.4516520500183105,20.4765625,3769.978,5623.942,2718.574,34.976,22062.571,4460.201,2818.154,326.103,3626.675,0.003,6045.093,848.153,2718.574,422.033,True,1043.7309637069702,3882375.0,NVIDIA RTX A5000,0.0,7.4516520500183105,20.4765625,33273.06,2221.027,2259.742,4.417,4.689,4489.875,7.410687379938194,3.0,8.0,4.0,2148.819,939.3846666666666,1208.892,19.869,755.637125,679.644,8.74425,798.33075,1401.783,75.58925295060975,2555.3429332284304,5140.342936197917,2516.291012655514,5101.291015625,27959.644368489582,22939.384114583332,0.014080049018704624,0.0140838623046875,2.544072365581453e-06,5.086263020833333e-06,0.01031494140625,0.01030731201171875,2570.8044236070964,5193.544596354167,0.02757824715655871,134.232421875,90952.66162109375,95972.921875,0.014080037040393437,0.0140838623046875,0.0,0.0,0.001373291015625,0.00138092041015625,57.12868890529725,69.95751953125,18.334255311547256,31.1630859375,31.1630859375,10.3876953125,0.014363479614257813,0.014400482177734375,0.0002872467041015625,0.000324249267578125,0.001251220703125,0.00093841552734375
ok,,batch_ga_sweep_sim90_bs1_ga4_pb4_90ts_fp32,batch_ga_sweep_sim90_bs1_ga4_pb4_90ts_fp32,batch_ga_sweep_sim90_bs1_ga4_pb4_90ts_fp32,/home/gkulemeyer/Documents/Repos/RNADiffusion/profiler/logs/diffusion_profiler_light_batch/batch_ga_sweep_sim90_bs1_ga4_pb4_90ts_fp32,/home/gkulemeyer/Documents/Repos/RNADiffusion/profiler/logs/diffusion_profiler_light_batch/batch_ga_sweep_sim90_bs1_ga4_pb4_90ts_fp32/profiler_traces,/home/gkulemeyer/Documents/Repos/RNADiffusion/profiler/logs/diffusion_profiler_light_batch/batch_ga_sweep_sim90_bs1_ga4_pb4_90ts_fp32/profiler_traces/pc59_4122452.1772591321706846213.pt.trace.json,90,1,1,4,False,4,False,12,13,240.11887216567993,7.983582496643066,20.318359375,3806.384,5863.908,2803.189,36.493,22327.052,4740.325,2727.191,378.244,3661.068,0.003,6279.167,849.913,2803.189,422.818,True,1044.3934955596924,3885251.0,NVIDIA RTX A5000,0.0,7.983582496643066,20.318359375,33886.411,2359.611,2310.461,4.492,6.074,4680.638,7.239699160669977,3.0,8.0,4.0,2137.245,909.064,1220.3566666666668,20.494,784.896375,700.798,9.12375,819.14425,1461.00125,78.35701709436402,3311.3493746634117,6686.642578125,3270.8047783092447,6646.097981770833,57070.12890625,50549.544108072914,0.013141633491360874,0.01314544677734375,2.544072365581453e-06,5.086263020833333e-06,0.01031494140625,0.01030731201171875,3327.144623243341,6697.2353515625,0.023234459489506486,136.10595703125,94656.06705729167,101176.65185546875,0.013141621513049687,0.01314544677734375,0.0,0.0,0.001373291015625,0.00138092041015625,59.09255609279725,71.92138671875,18.334255311547256,31.1630859375,31.1630859375,10.3876953125,0.013425064086914063,0.013462066650390625,0.0002872467041015625,0.000324249267578125,0.001251220703125,0.00093841552734375
ok,,batch_ga_sweep_sim90_bs1_ga8_pb4_90ts_fp32,batch_ga_sweep_sim90_bs1_ga8_pb4_90ts_fp32,batch_ga_sweep_sim90_bs1_ga8_pb4_90ts_fp32,/home/gkulemeyer/Documents/Repos/RNADiffusion/profiler/logs/diffusion_profiler_light_batch/batch_ga_sweep_sim90_bs1_ga8_pb4_90ts_fp32,/home/gkulemeyer/Documents/Repos/RNADiffusion/profiler/logs/diffusion_profiler_light_batch/batch_ga_sweep_sim90_bs1_ga8_pb4_90ts_fp32/profiler_traces,/home/gkulemeyer/Documents/Repos/RNADiffusion/profiler/logs/diffusion_profiler_light_batch/batch_ga_sweep_sim90_bs1_ga8_pb4_90ts_fp32/profiler_traces/pc59_4122452.1772591846331696760.pt.trace.json,90,1,1,4,False,8,False,12,13,237.34067749977112,6.044095039367676,20.318359375,3785.798,5691.146,2714.01,22.203,21972.43,4319.145,2734.739,305.977,3579.824,0.003,6201.544,848.574,2714.01,422.499,True,1042.3831901550293,3879671.0,NVIDIA RTX A5000,0.0,6.044095039367676,20.318359375,33388.714,2151.919,2254.405,4.467,3.215,4414.006,7.564265657998653,3.0,8.0,4.0,2105.3153333333335,911.5806666666666,1193.2746666666667,19.587,775.193875,678.50275,5.5515,816.483,1418.39275,73.7198141296267,2245.1705195143645,4514.214192708333,2206.5355911289475,4475.579264322917,22834.077473958332,18430.748372395832,0.013454438667142124,0.013458251953125,2.544072365581453e-06,5.086263020833333e-06,0.01031494140625,0.01030731201171875,2260.682946220465,4575.43896484375,0.032276194972259344,133.47493489583334,100128.31982421875,104531.64892578125,0.013454426688830937,0.013458251953125,0.0,0.0,0.001373291015625,0.00138092041015625,57.42139565072409,70.35693359375,18.852547994474087,31.7880859375,31.7880859375,10.3876953125,0.013737869262695313,0.013774871826171875,0.0002872467041015625,0.000324249267578125,0.001251220703125,0.00093841552734375
ok,,batch_ga_sweep_sim90_bs1_ga16_pb4_90ts_amp,batch_ga_sweep_sim90_bs1_ga16_pb4_90ts_amp,batch_ga_sweep_sim90_bs1_ga16_pb4_90ts_amp,/home/gkulemeyer/Documents/Repos/RNADiffusion/profiler/logs/diffusion_profiler_light_batch/batch_ga_sweep_sim90_bs1_ga16_pb4_90ts_amp,/home/gkulemeyer/Documents/Repos/RNADiffusion/profiler/logs/diffusion_profiler_light_batch/batch_ga_sweep_sim90_bs1_ga16_pb4_90ts_amp/profiler_traces,/home/gkulemeyer/Documents/Repos/RNADiffusion/profiler/logs/diffusion_profiler_light_batch/batch_ga_sweep_sim90_bs1_ga16_pb4_90ts_amp/profiler_traces/pc59_4122452.1772592613168263063.pt.trace.json,90,1,1,4,True,16,False,12,13,275.30164527893066,4.007535934448242,20.724609375,4264.445,6162.914,2737.383,31.857,24582.495,3943.238,3275.484,275.187,4009.088,0.006,7036.38,831.551,2737.383,422.633,True,1222.8056735992432,4503647.0,NVIDIA RTX A5000,0.0,4.007535934448242,20.724609375,43931.107,1952.627,2667.045,16.303,2.702,4638.677,9.470611340259302,3.0,8.0,4.0,2428.9283333333333,1091.8286666666668,1336.3626666666667,20.527,879.548,684.34625,7.965,915.5765,1536.30275,67.7962191034829,1721.380672723534,3524.9617513020835,1681.813289911034,3485.3943684895835,40503.084635416664,37152.058268229164,0.014392854194485874,0.01439666748046875,2.544072365581453e-06,5.086263020833333e-06,0.01031494140625,0.01030731201171875,1725.8796168697174,3521.4314778645835,0.019674409947332414,130.83772786458334,65175.934407552086,68526.96077473958,0.014392842216174687,0.01439666748046875,0.0,0.0,0.001373291015625,0.00138092041015625,58.96004710477941,72.8818359375,19.304285386029413,33.22607421875,33.228515625,10.390625,0.014676284790039063,0.014713287353515625,0.0002872467041015625,0.000324249267578125,0.001251220703125,0.00093841552734375
ok,,batch_ga_sweep_sim90_bs1_ga4_pb4_90ts_amp,batch_ga_sweep_sim90_bs1_ga4_pb4_90ts_amp,batch_ga_sweep_sim90_bs1_ga4_pb4_90ts_amp,/home/gkulemeyer/Documents/Repos/RNADiffusion/profiler/logs/diffusion_profiler_light_batch/batch_ga_sweep_sim90_bs1_ga4_pb4_90ts_amp,/home/gkulemeyer/Documents/Repos/RNADiffusion/profiler/logs/diffusion_profiler_light_batch/batch_ga_sweep_sim90_bs1_ga4_pb4_90ts_amp/profiler_traces,/home/gkulemeyer/Documents/Repos/RNADiffusion/profiler/logs/diffusion_profiler_light_batch/batch_ga_sweep_sim90_bs1_ga4_pb4_90ts_amp/profiler_traces/pc59_4122452.1772591584268440572.pt.trace.json,90,1,1,4,True,4,False,12,13,279.0159981250763,7.212409496307373,20.318359375,4469.392,6297.428,2793.462,33.969,25597.937,4345.685,3284.446,362.576,4287.663,0.006,7231.934,832.057,2793.462,422.526,True,1226.253282546997,4520624.0,NVIDIA RTX A5000,0.0,7.212409496307373,20.318359375,45406.472,2151.04,2724.041,17.85,3.975,4896.906,9.27248184874286,3.0,8.0,4.0,2525.1353333333336,1094.816,1429.2216666666668,0.763,903.991875,698.36625,8.49275,944.60825,1570.63,66.2731613872735,2845.593665219585,5762.169759114583,2805.5327928237516,5722.10888671875,53426.02197265625,47836.80322265625,0.013454438667142124,0.013458251953125,2.544072365581453e-06,5.086263020833333e-06,0.01031494140625,0.01030731201171875,2849.435750820807,5748.726725260417,0.012523695350428916,119.44710286458333,49191.507975260414,54780.726725260414,0.013454426688830937,0.013458251953125,0.0,0.0,0.001373291015625,0.00138092041015625,40.322672526041664,40.32373046875,0.0008951822916666666,0.001953125,0.0029296875,0.0029296875,,,,,,
ok,,batch_ga_sweep_sim90_bs1_ga8_pb4_90ts_amp,batch_ga_sweep_sim90_bs1_ga8_pb4_90ts_amp,batch_ga_sweep_sim90_bs1_ga8_pb4_90ts_amp,/home/gkulemeyer/Documents/Repos/RNADiffusion/profiler/logs/diffusion_profiler_light_batch/batch_ga_sweep_sim90_bs1_ga8_pb4_90ts_amp,/home/gkulemeyer/Documents/Repos/RNADiffusion/profiler/logs/diffusion_profiler_light_batch/batch_ga_sweep_sim90_bs1_ga8_pb4_90ts_amp/profiler_traces,/home/gkulemeyer/Documents/Repos/RNADiffusion/profiler/logs/diffusion_profiler_light_batch/batch_ga_sweep_sim90_bs1_ga8_pb4_90ts_amp/profiler_traces/pc59_4122452.1772592099516974568.pt.trace.json,90,1,1,4,True,8,False,12,13,272.24496841430664,5.031874179840088,20.38671875,4289.454,6093.496,2689.689,26.133,24526.475,3885.76,3209.621,263.911,4006.804,0.006,7090.402,831.755,2689.689,422.612,True,1222.9358377456665,4504539.0,NVIDIA RTX A5000,0.0,3.3120737075805664,20.38671875,43850.008,1924.215,2641.588,16.006,2.7,4584.509,9.564821009185499,3.0,8.0,4.0,2406.138,1069.874,1335.6023333333333,22.069,886.30075,672.4225,6.5335,933.14125,1518.86325,62.76884662423829,1546.5556174400688,3181.9983723958335,1508.2574403567353,3143.7001953125,39638.524251302086,36627.025553385414,0.013767243842923374,0.01377105712890625,2.544072365581453e-06,5.086263020833333e-06,0.01031494140625,0.01030731201171875,1551.0579497942442,3179.3098958333335,0.018669095543998534,129.51302083333334,56835.697265625,59847.195963541664,0.013767231864612187,0.01377105712890625,0.0,0.0,0.001373291015625,0.00138092041015625,56.88682789522059,71.046875,18.605089613970588,32.76513671875,32.767578125,11.15625,0.014050674438476563,0.014087677001953125,0.0002872467041015625,0.000324249267578125,0.001251220703125,0.00093841552734375
ok,,batch_ga_sweep_sim90_bs1_ga16_pb4_100ts_fp32,batch_ga_sweep_sim90_bs1_ga16_pb4_100ts_fp32,batch_ga_sweep_sim90_bs1_ga16_pb4_100ts_fp32,/home/gkulemeyer/Documents/Repos/RNADiffusion/profiler/logs/diffusion_profiler_light_batch/batch_ga_sweep_sim90_bs1_ga16_pb4_100ts_fp32,/home/gkulemeyer/Documents/Repos/RNADiffusion/profiler/logs/diffusion_profiler_light_batch/batch_ga_sweep_sim90_bs1_ga16_pb4_100ts_fp32/profiler_traces,/home/gkulemeyer/Documents/Repos/RNADiffusion/profiler/logs/diffusion_profiler_light_batch/batch_ga_sweep_sim90_bs1_ga16_pb4_100ts_fp32/profiler_traces/pc59_4122452.1772594029919609845.pt.trace.json,100,1,1,4,False,16,False,12,13,262.7295455932617,10.07088565826416,20.724609375,4181.774,6328.177,3043.276,12.347,24823.226,5488.768,3133.591,475.09,4176.862,0.003,6787.086,942.881,3043.276,468.932,True,1159.5713062286377,4313481.0,NVIDIA RTX A5000,0.0,10.07088565826416,20.724609375,37293.675,2733.04,2594.121,4.988,6.397,5338.546,6.985736378407155,3.0,8.0,4.0,2437.665,1044.531,1392.2876666666668,21.309,848.386375,760.8195,3.0875,882.99375,1578.165,78.72889813772747,4328.546087767765,8725.744140625,4288.947780476098,8686.145833333334,57678.082356770836,49114.483235677086,0.015644074756623584,0.01564788818359375,2.5439783740564995e-06,5.086263020833333e-06,0.0114593505859375,0.01145172119140625,4345.915081003596,8740.760091145834,0.019178941214638815,137.56266276041666,108331.33203125,116894.93115234375,0.015644063973367362,0.01564788818359375,0.0,0.0,0.00152587890625,0.00153350830078125,58.32184582221799,71.244140625,18.522041134717988,31.4443359375,31.4443359375,10.3876953125,0.015927505493164063,0.015964508056640625,0.0002872467041015625,0.000324249267578125,0.001251220703125,0.00093841552734375
ok,,batch_ga_sweep_sim90_bs1_ga4_pb4_100ts_fp32,batch_ga_sweep_sim90_bs1_ga4_pb4_100ts_fp32,batch_ga_sweep_sim90_bs1_ga4_pb4_100ts_fp32,/home/gkulemeyer/Documents/Repos/RNADiffusion/profiler/logs/diffusion_profiler_light_batch/batch_ga_sweep_sim90_bs1_ga4_pb4_100ts_fp32,/home/gkulemeyer/Documents/Repos/RNADiffusion/profiler/logs/diffusion_profiler_light_batch/batch_ga_sweep_sim90_bs1_ga4_pb4_100ts_fp32/profiler_traces,/home/gkulemeyer/Documents/Repos/RNADiffusion/profiler/logs/diffusion_profiler_light_batch/batch_ga_sweep_sim90_bs1_ga4_pb4_100ts_fp32/profiler_traces/pc59_4122452.1772592886793811553.pt.trace.json,100,1,1,4,False,4,False,12,13,263.69005608558655,8.833883285522461,20.724609375,4252.552,6506.723,3134.584,22.773,24821.071,4831.014,3163.328,343.148,3985.488,0.003,7006.973,942.671,3134.584,468.932,True,1158.8067255020142,4315081.0,NVIDIA RTX A5000,0.0,6.692034721374512,20.724609375,37803.927,2406.689,2595.868,4.885,3.941,5011.383,7.543611613800023,3.0,8.0,4.0,2390.6163333333334,1054.4433333333332,1328.496,20.136,875.872,783.64625,5.69375,918.8045,1622.75675,76.61610821453313,2628.0611028753065,5268.146321614583,2588.90713152114,5228.992350260417,34330.625162760414,29175.94189453125,0.014705659229279834,0.01470947265625,2.5439783740564995e-06,5.086263020833333e-06,0.0114593505859375,0.01145172119140625,2643.2938169504487,5327.612467447917,0.02430618860221079,133.77522786458334,103508.46028645833,108663.1435546875,0.014705648446023614,0.01470947265625,0.0,0.0,0.00152587890625,0.00153350830078125,57.87604504096799,70.79833984375,18.522041134717988,31.4443359375,31.4443359375,10.3876953125,0.014989089965820313,0.015026092529296875,0.0002872467041015625,0.000324249267578125,0.001251220703125,0.00093841552734375
ok,,batch_ga_sweep_sim90_bs1_ga8_pb4_100ts_fp32,batch_ga_sweep_sim90_bs1_ga8_pb4_100ts_fp32,batch_ga_sweep_sim90_bs1_ga8_pb4_100ts_fp32,/home/gkulemeyer/Documents/Repos/RNADiffusion/profiler/logs/diffusion_profiler_light_batch/batch_ga_sweep_sim90_bs1_ga8_pb4_100ts_fp32,/home/gkulemeyer/Documents/Repos/RNADiffusion/profiler/logs/diffusion_profiler_light_batch/batch_ga_sweep_sim90_bs1_ga8_pb4_100ts_fp32/profiler_traces,/home/gkulemeyer/Documents/Repos/RNADiffusion/profiler/logs/diffusion_profiler_light_batch/batch_ga_sweep_sim90_bs1_ga8_pb4_100ts_fp32/profiler_traces/pc59_4122452.1772593464436009033.pt.trace.json,100,1,1,4,False,8,False,12,13,261.7689416408539,8.253953456878662,20.724609375,4288.645,6535.902,3146.274,22.415,25721.32,4870.542,3298.241,353.203,4291.87,0.003,7021.206,943.369,3146.274,469.261,True,1160.2290830612183,4312881.0,NVIDIA RTX A5000,0.0,8.253953456878662,20.724609375,38962.39,2425.738,2661.93,4.762,4.782,5097.212,7.643862958809639,3.0,8.0,4.0,2530.5516666666667,1099.414,1430.624,21.852,877.650875,786.569,5.604,918.28275,1629.671,77.46941233514406,2624.3332193900574,5323.57861328125,2585.6110514213074,5284.8564453125,34337.115885416664,29168.369954427082,0.015018464405061084,0.01502227783203125,2.5439783740564995e-06,5.086263020833333e-06,0.0114593505859375,0.01145172119140625,2639.030039522738,5341.251790364583,0.025626333744410968,133.78369140625,95898.02180989583,101066.76774088542,0.015018453621804864,0.01502227783203125,0.0,0.0,0.00152587890625,0.00153350830078125,56.85134515529725,69.68017578125,18.334255311547256,31.1630859375,31.1630859375,10.3876953125,0.015301895141601563,0.015338897705078125,0.0002872467041015625,0.000324249267578125,0.001251220703125,0.00093841552734375
ok,,batch_ga_sweep_sim90_bs1_ga16_pb4_100ts_amp,batch_ga_sweep_sim90_bs1_ga16_pb4_100ts_amp,batch_ga_sweep_sim90_bs1_ga16_pb4_100ts_amp,/home/gkulemeyer/Documents/Repos/RNADiffusion/profiler/logs/diffusion_profiler_light_batch/batch_ga_sweep_sim90_bs1_ga16_pb4_100ts_amp,/home/gkulemeyer/Documents/Repos/RNADiffusion/profiler/logs/diffusion_profiler_light_batch/batch_ga_sweep_sim90_bs1_ga16_pb4_100ts_amp/profiler_traces,/home/gkulemeyer/Documents/Repos/RNADiffusion/profiler/logs/diffusion_profiler_light_batch/batch_ga_sweep_sim90_bs1_ga16_pb4_100ts_amp/profiler_traces/pc59_4122452.1772594320243604522.pt.trace.json,100,1,1,4,True,16,False,12,13,307.98277831077576,3.6613922119140625,20.724609375,5019.652,7211.839,3230.994,13.078,28965.198,4263.229,4274.305,283.588,4659.89,0.006,8272.544,924.224,3230.994,469.672,True,1361.025318145752,5016625.0,NVIDIA RTX A5000,0.0,3.6613922119140625,20.724609375,54123.435,2111.015,3092.925,17.615,3.001,5224.556,10.359432457035583,3.0,8.0,4.0,2978.791,1424.7686666666668,1553.2973333333332,23.278,1034.0685,807.749,3.27,1080.6365,1799.022,66.47799699528935,1566.5959794569696,3222.2765299479165,1527.122672165303,3182.80322265625,64702.378743489586,61653.190266927086,0.015956879932404834,0.015960693359375,2.5439783740564995e-06,5.086263020833333e-06,0.0114593505859375,0.01145172119140625,1570.4960294190194,3219.2760416666665,0.015261061586369232,130.6142578125,53413.305013020836,56462.493489583336,0.015956869149148612,0.015960693359375,0.0,0.0,0.00152587890625,0.00153350830078125,58.85213694852941,72.77392578125,19.304285386029413,33.22607421875,33.228515625,10.390625,0.016240310668945313,0.016277313232421875,0.0002872467041015625,0.000324249267578125,0.001251220703125,0.00093841552734375
ok,,batch_ga_sweep_sim90_bs1_ga4_pb4_100ts_amp,batch_ga_sweep_sim90_bs1_ga4_pb4_100ts_amp,batch_ga_sweep_sim90_bs1_ga4_pb4_100ts_amp,/home/gkulemeyer/Documents/Repos/RNADiffusion/profiler/logs/diffusion_profiler_light_batch/batch_ga_sweep_sim90_bs1_ga4_pb4_100ts_amp,/home/gkulemeyer/Documents/Repos/RNADiffusion/profiler/logs/diffusion_profiler_light_batch/batch_ga_sweep_sim90_bs1_ga4_pb4_100ts_amp/profiler_traces,/home/gkulemeyer/Documents/Repos/RNADiffusion/profiler/logs/diffusion_profiler_light_batch/batch_ga_sweep_sim90_bs1_ga4_pb4_100ts_amp/profiler_traces/pc59_4122452.1772593172645044434.pt.trace.json,100,1,1,4,True,4,False,12,13,307.9266948699951,8.555219650268555,20.724609375,4785.312,6990.624,3099.296,34.009,27570.28,4619.185,3616.399,356.49,4494.497,0.006,7889.221,924.602,3099.296,469.646,True,1358.3383483886719,5001438.0,NVIDIA RTX A5000,0.0,8.555219650268555,20.724609375,49185.662,2287.003,2945.855,19.114,3.504,5255.476,9.358935708202264,3.0,8.0,4.0,2704.9,1205.4666666666667,1498.166,0.76,986.152875,774.8245,8.50275,1012.04575,1744.06,72.33015404688969,2558.6384337113873,5186.252604166667,2519.4929258988873,5147.107096354167,43849.726399739586,38834.567057291664,0.015018464405061084,0.01502227783203125,2.5439783740564995e-06,5.086263020833333e-06,0.0114593505859375,0.01145172119140625,2562.8619734612435,5177.432454427083,0.013434935998063162,123.12760416666667,59794.982747395836,64810.14208984375,0.015018453621804864,0.01502227783203125,0.0,0.0,0.00152587890625,0.00153350830078125,39.659098307291664,39.66015625,0.0008951822916666666,0.001953125,0.0029296875,0.0029296875,,,,,,
ok,,batch_ga_sweep_sim90_bs1_ga8_pb4_100ts_amp,batch_ga_sweep_sim90_bs1_ga8_pb4_100ts_amp,batch_ga_sweep_sim90_bs1_ga8_pb4_100ts_amp,/home/gkulemeyer/Documents/Repos/RNADiffusion/profiler/logs/diffusion_profiler_light_batch/batch_ga_sweep_sim90_bs1_ga8_pb4_100ts_amp,/home/gkulemeyer/Documents/Repos/RNADiffusion/profiler/logs/diffusion_profiler_light_batch/batch_ga_sweep_sim90_bs1_ga8_pb4_100ts_amp/profiler_traces,/home/gkulemeyer/Documents/Repos/RNADiffusion/profiler/logs/diffusion_profiler_light_batch/batch_ga_sweep_sim90_bs1_ga8_pb4_100ts_amp/profiler_traces/pc59_4122452.1772593747116387163.pt.trace.json,100,1,1,4,True,8,False,12,13,304.1836531162262,8.548076152801514,20.724609375,4872.914,6843.325,2993.211,21.575,27655.605,4581.795,3698.902,348.84,4604.61,0.006,8037.395,925.014,2993.211,469.03,True,1359.5183935165405,5007229.0,NVIDIA RTX A5000,0.0,7.988824367523193,20.724609375,49979.094,2268.484,3008.801,18.742,3.71,5299.737,9.43048570146028,3.0,8.0,4.0,2768.6303333333335,1232.9676666666667,1534.8703333333333,23.572,1004.674875,748.30325,5.39425,1057.55725,1705.9565,61.31103067942657,2457.443248973994,4993.77197265625,2417.6637893385773,4953.992513020833,43272.018391927086,38449.83251953125,0.015331269580842334,0.0153350830078125,2.5439783740564995e-06,5.086263020833333e-06,0.0114593505859375,0.01145172119140625,2461.868922621999,4985.549967447917,0.013440056869042713,123.58463541666667,59133.403483072914,63955.58935546875,0.015331258797586114,0.0153350830078125,0.0,0.0,0.00152587890625,0.00153350830078125,58.009369255514706,71.849609375,18.460052849264706,32.30029296875,32.302734375,10.775390625,0.015614700317382813,0.015651702880859375,0.0002872467041015625,0.000324249267578125,0.001251220703125,0.00093841552734375
